,Unnamed: 0,xB,t,Q2,phi,deg/rad,obs,value,units,stat_u,syst_u,%norm_c,col,lepton,E_lepton,hadron,E_hadron
0,0,0.345,-0.17,1.453,7.5,deg,deltad4SigLU,0.8,pb GeV^-4,7.9,+1.0/-3.0,3.4,Hall A,e-,5.7572,p,0.93827208816
1,1,0.345,-0.17,1.453,22.5,deg,deltad4SigLU,5.2,pb GeV^-4,7.1,+0.0/-9.4,3.4,Hall A,e-,5.7572,p,0.93827208816
2,2,0.345,-0.17,1.453,37.5,deg,deltad4SigLU,16.5,pb GeV^-4,6.3,+0.0/-0.7,3.4,Hall A,e-,5.7572,p,0.93827208816
3,3,0.345,-0.17,1.453,52.5,deg,deltad4SigLU,18.8,pb GeV^-4,5.2,+1.1/-1.1,3.4,Hall A,e-,5.7572,p,0.93827208816
4,4,0.345,-0.17,1.453,67.5,deg,deltad4SigLU,19.9,pb GeV^-4,4.5,+2.6/-0.0,3.4,Hall A,e-,5.7572,p,0.93827208816
5,5,0.345,-0.17,1.453,82.5,deg,deltad4SigLU,14.0,pb GeV^-4,4.0,+1.6/-0.0,3.4,Hall A,e-,5.7572,p,0.93827208816
6,6,0.345,-0.17,1.453,97.5,deg,deltad4SigLU,15.8,pb GeV^-4,3.8,+0.0/-2.8,3.4,Hall A,e-,5.7572,p,0.93827208816
7,7,0.345,-0.17,1.453,112.5,deg,deltad4SigLU,15.9,pb GeV^-4,3.6,+1.9/-0.2,3.4,Hall A,e-,5.7572,p,0.93827208816
8,8,0.345,-0.17,1.453,127.5,deg,deltad4SigLU,12.7,pb GeV^-4,3.3,+1.5/-0.3,3.4,Hall A,e-,5.7572,p,0.93827208816
9,9,0.345,-0.17,1.453,142.5,deg,deltad4SigLU,10.0,pb GeV^-4,3.1,+0.0/-3.0,3.4,Hall A,e-,5.7572,p,0.93827208816
10,10,0.345,-0.17,1.453,157.5,deg,deltad4SigLU,6.8,pb GeV^-4,2.9,+3.0/-0.0,3.4,Hall A,e-,5.7572,p,0.93827208816
11,11,0.345,-0.17,1.453,172.5,deg,deltad4SigLU,-3.5,pb GeV^-4,2.8,+0.4/-1.6,3.4,Hall A,e-,5.7572,p,0.93827208816
12,12,0.345,-0.17,1.453,187.5,deg,deltad4SigLU,-1.9,pb GeV^-4,2.8,+1.1/-0.3,3.4,Hall A,e-,5.7572,p,0.93827208816
13,13,0.345,-0.17,1.453,202.5,deg,deltad4SigLU,-5.3,pb GeV^-4,2.9,+1.1/-0.3,3.4,Hall A,e-,5.7572,p,0.93827208816
14,14,0.345,-0.17,1.453,217.5,deg,deltad4SigLU,-4.4,pb GeV^-4,3.0,+2.0/-0.8,3.4,Hall A,e-,5.7572,p,0.93827208816
15,15,0.345,-0.17,1.453,232.5,deg,deltad4SigLU,-8.0,pb GeV^-4,3.2,+1.1/-0.4,3.4,Hall A,e-,5.7572,p,0.93827208816
16,16,0.345,-0.17,1.453,247.5,deg,deltad4SigLU,-11.8,pb GeV^-4,3.4,+0.0/-5.7,3.4,Hall A,e-,5.7572,p,0.93827208816
17,17,0.345,-0.17,1.453,262.5,deg,deltad4SigLU,-11.3,pb GeV^-4,3.6,+0.0/-3.4,3.4,Hall A,e-,5.7572,p,0.93827208816
18,18,0.345,-0.17,1.453,277.5,deg,deltad4SigLU,-24.0,pb GeV^-4,3.9,+2.4/-0.2,3.4,Hall A,e-,5.7572,p,0.93827208816
19,19,0.345,-0.17,1.453,292.5,deg,deltad4SigLU,-26.5,pb GeV^-4,4.4,+2.4/-0.0,3.4,Hall A,e-,5.7572,p,0.93827208816
20,20,0.345,-0.17,1.453,307.5,deg,deltad4SigLU,-16.6,pb GeV^-4,5.0,+5.2/-1.5,3.4,Hall A,e-,5.7572,p,0.93827208816
21,21,0.345,-0.17,1.453,322.5,deg,deltad4SigLU,-18.7,pb GeV^-4,6.0,+4.7/-0.0,3.4,Hall A,e-,5.7572,p,0.93827208816
22,22,0.345,-0.17,1.453,337.5,deg,deltad4SigLU,-5.7,pb GeV^-4,6.9,+2.7/-2.3,3.4,Hall A,e-,5.7572,p,0.93827208816
23,23,0.345,-0.17,1.453,352.5,deg,deltad4SigLU,-1.4,pb GeV^-4,7.6,+1.6/-1.9,3.4,Hall A,e-,5.7572,p,0.93827208816
24,24,0.374,-0.232,1.552,7.5,deg,deltad4SigLU,5.7,pb GeV^-4,7.9,+0.0/-3.8,3.4,Hall A,e-,5.7572,p,0.93827208816
25,25,0.374,-0.232,1.552,22.5,deg,deltad4SigLU,-2.2,pb GeV^-4,7.1,+8.4/-0.0,3.4,Hall A,e-,5.7572,p,0.93827208816
26,26,0.374,-0.232,1.552,37.5,deg,deltad4SigLU,4.3,pb GeV^-4,6.1,+1.9/-3.4,3.4,Hall A,e-,5.7572,p,0.93827208816
27,27,0.374,-0.232,1.552,52.5,deg,deltad4SigLU,13.4,pb GeV^-4,5.1,+3.2/-1.2,3.4,Hall A,e-,5.7572,p,0.93827208816
28,28,0.374,-0.232,1.552,67.5,deg,deltad4SigLU,12.4,pb GeV^-4,4.6,+0.0/-4.0,3.4,Hall A,e-,5.7572,p,0.93827208816
29,29,0.374,-0.232,1.552,82.5,deg,deltad4SigLU,12.2,pb GeV^-4,3.8,+1.0/-0.0,3.4,Hall A,e-,5.7572,p,0.93827208816
30,30,0.374,-0.232,1.552,97.5,deg,deltad4SigLU,8.3,pb GeV^-4,3.5,+1.6/-1.1,3.4,Hall A,e-,5.7572,p,0.93827208816
31,31,0.374,-0.232,1.552,112.5,deg,deltad4SigLU,13.6,pb GeV^-4,3.3,+0.7/-1.7,3.4,Hall A,e-,5.7572,p,0.93827208816
32,32,0.374,-0.232,1.552,127.5,deg,deltad4SigLU,6.7,pb GeV^-4,3.1,+0.0/-4.9,3.4,Hall A,e-,5.7572,p,0.93827208816
33,33,0.374,-0.232,1.552,142.5,deg,deltad4SigLU,7.7,pb GeV^-4,2.8,+0.0/-3.4,3.4,Hall A,e-,5.7572,p,0.93827208816
34,34,0.374,-0.232,1.552,157.5,deg,deltad4SigLU,3.0,pb GeV^-4,2.7,+1.1/-0.0,3.4,Hall A,e-,5.7572,p,0.93827208816
35,35,0.374,-0.232,1.552,172.5,deg,deltad4SigLU,-1.6,pb GeV^-4,2.7,+1.5/-0.3,3.4,Hall A,e-,5.7572,p,0.93827208816
36,36,0.374,-0.232,1.552,187.5,deg,deltad4SigLU,1.0,pb GeV^-4,2.6,+1.0/-0.4,3.4,Hall A,e-,5.7572,p,0.93827208816
37,37,0.374,-0.232,1.552,202.5,deg,deltad4SigLU,-1.8,pb GeV^-4,2.8,+4.0/-0.0,3.4,Hall A,e-,5.7572,p,0.93827208816
38,38,0.374,-0.232,1.552,217.5,deg,deltad4SigLU,-4.9,pb GeV^-4,2.9,+1.2/-0.9,3.4,Hall A,e-,5.7572,p,0.93827208816
39,39,0.374,-0.232,1.552,232.5,deg,deltad4SigLU,-8.7,pb GeV^-4,2.9,+1.1/-1.2,3.4,Hall A,e-,5.7572,p,0.93827208816
40,40,0.374,-0.232,1.552,247.5,deg,deltad4SigLU,-10.4,pb GeV^-4,3.2,+2.4/-0.0,3.4,Hall A,e-,5.7572,p,0.93827208816
41,41,0.374,-0.232,1.552,262.5,deg,deltad4SigLU,-7.9,pb GeV^-4,3.5,+2.4/-1.0,3.4,Hall A,e-,5.7572,p,0.93827208816
42,42,0.374,-0.232,1.552,277.5,deg,deltad4SigLU,-11.0,pb GeV^-4,3.6,+0.0/-3.3,3.4,Hall A,e-,5.7572,p,0.93827208816
43,43,0.374,-0.232,1.552,292.5,deg,deltad4SigLU,-16.4,pb GeV^-4,4.2,+0.9/-1.5,3.4,Hall A,e-,5.7572,p,0.93827208816
44,44,0.374,-0.232,1.552,307.5,deg,deltad4SigLU,-10.0,pb GeV^-4,4.7,+3.1/-0.0,3.4,Hall A,e-,5.7572,p,0.93827208816
45,45,0.374,-0.232,1.552,322.5,deg,deltad4SigLU,-11.8,pb GeV^-4,6.0,+0.0/-5.5,3.4,Hall A,e-,5.7572,p,0.93827208816
46,46,0.374,-0.232,1.552,337.5,deg,deltad4SigLU,-6.8,pb GeV^-4,7.0,+4.3/-0.0,3.4,Hall A,e-,5.7572,p,0.93827208816
47,47,0.374,-0.232,1.552,352.5,deg,deltad4SigLU,-4.3,pb GeV^-4,7.8,+5.1/-0.0,3.4,Hall A,e-,5.7572,p,0.93827208816
48,48,0.385,-0.278,1.589,7.5,deg,deltad4SigLU,-7.2,pb GeV^-4,10.8,+0.0/-3.5,3.4,Hall A,e-,5.7572,p,0.93827208816
49,49,0.385,-0.278,1.589,22.5,deg,deltad4SigLU,3.1,pb GeV^-4,8.9,+9.9/-1.8,3.4,Hall A,e-,5.7572,p,0.93827208816
50,50,0.385,-0.278,1.589,37.5,deg,deltad4SigLU,20.3,pb GeV^-4,6.9,+0.0/-5.1,3.4,Hall A,e-,5.7572,p,0.93827208816
51,51,0.385,-0.278,1.589,52.5,deg,deltad4SigLU,18.3,pb GeV^-4,5.7,+0.0/-4.2,3.4,Hall A,e-,5.7572,p,0.93827208816
52,52,0.385,-0.278,1.589,67.5,deg,deltad4SigLU,5.4,pb GeV^-4,4.8,+2.4/-0.0,3.4,Hall A,e-,5.7572,p,0.93827208816
53,53,0.385,-0.278,1.589,82.5,deg,deltad4SigLU,9.0,pb GeV^-4,4.1,+6.1/-0.0,3.4,Hall A,e-,5.7572,p,0.93827208816
54,54,0.385,-0.278,1.589,97.5,deg,deltad4SigLU,8.6,pb GeV^-4,3.9,+1.8/-2.9,3.4,Hall A,e-,5.7572,p,0.93827208816
55,55,0.385,-0.278,1.589,112.5,deg,deltad4SigLU,-2.2,pb GeV^-4,3.5,+5.1/-0.0,3.4,Hall A,e-,5.7572,p,0.93827208816
56,56,0.385,-0.278,1.589,127.5,deg,deltad4SigLU,4.0,pb GeV^-4,3.2,+4.7/-0.0,3.4,Hall A,e-,5.7572,p,0.93827208816
57,57,0.385,-0.278,1.589,142.5,deg,deltad4SigLU,4.2,pb GeV^-4,3.3,+1.8/-0.0,3.4,Hall A,e-,5.7572,p,0.93827208816
58,58,0.385,-0.278,1.589,157.5,deg,deltad4SigLU,8.0,pb GeV^-4,3.7,+0.9/-1.8,3.4,Hall A,e-,5.7572,p,0.93827208816
59,59,0.385,-0.278,1.589,172.5,deg,deltad4SigLU,-2.0,pb GeV^-4,3.6,+5.0/-0.0,3.4,Hall A,e-,5.7572,p,0.93827208816
60,60,0.385,-0.278,1.589,187.5,deg,deltad4SigLU,0.2,pb GeV^-4,3.6,+1.2/-0.8,3.4,Hall A,e-,5.7572,p,0.93827208816
61,61,0.385,-0.278,1.589,202.5,deg,deltad4SigLU,0.9,pb GeV^-4,3.4,+0.0/-3.4,3.4,Hall A,e-,5.7572,p,0.93827208816
62,62,0.385,-0.278,1.589,217.5,deg,deltad4SigLU,-1.5,pb GeV^-4,3.4,+1.1/-1.9,3.4,Hall A,e-,5.7572,p,0.93827208816
63,63,0.385,-0.278,1.589,232.5,deg,deltad4SigLU,-5.2,pb GeV^-4,3.2,+1.9/-0.0,3.4,Hall A,e-,5.7572,p,0.93827208816
64,64,0.385,-0.278,1.589,247.5,deg,deltad4SigLU,-11.5,pb GeV^-4,3.5,+0.7/-0.2,3.4,Hall A,e-,5.7572,p,0.93827208816
65,65,0.385,-0.278,1.589,262.5,deg,deltad4SigLU,-6.2,pb GeV^-4,3.7,+0.8/-1.5,3.4,Hall A,e-,5.7572,p,0.93827208816
66,66,0.385,-0.278,1.589,277.5,deg,deltad4SigLU,-9.3,pb GeV^-4,3.9,+1.0/-0.0,3.4,Hall A,e-,5.7572,p,0.93827208816
67,67,0.385,-0.278,1.589,292.5,deg,deltad4SigLU,-7.5,pb GeV^-4,4.5,+0.9/-1.7,3.4,Hall A,e-,5.7572,p,0.93827208816
68,68,0.385,-0.278,1.589,307.5,deg,deltad4SigLU,-2.5,pb GeV^-4,5.3,+0.0/-4.9,3.4,Hall A,e-,5.7572,p,0.93827208816
69,69,0.385,-0.278,1.589,322.5,deg,deltad4SigLU,-17.4,pb GeV^-4,6.9,+7.5/-0.0,3.4,Hall A,e-,5.7572,p,0.93827208816
70,70,0.385,-0.278,1.589,337.5,deg,deltad4SigLU,-3.0,pb GeV^-4,9.4,+0.0/-2.4,3.4,Hall A,e-,5.7572,p,0.93827208816
71,71,0.385,-0.278,1.589,352.5,deg,deltad4SigLU,0.5,pb GeV^-4,11.2,+2.6/-3.8,3.4,Hall A,e-,5.7572,p,0.93827208816
72,72,0.391,-0.323,1.608,7.5,deg,deltad4SigLU,4.2,pb GeV^-4,13.8,+4.5/-3.2,3.4,Hall A,e-,5.7572,p,0.93827208816
73,73,0.391,-0.323,1.608,22.5,deg,deltad4SigLU,10.8,pb GeV^-4,13.1,+0.0/-1.6,3.4,Hall A,e-,5.7572,p,0.93827208816
74,74,0.391,-0.323,1.608,37.5,deg,deltad4SigLU,18.0,pb GeV^-4,8.7,+3.8/-0.0,3.4,Hall A,e-,5.7572,p,0.93827208816
75,75,0.391,-0.323,1.608,52.5,deg,deltad4SigLU,18.0,pb GeV^-4,6.6,+7.8/-0.0,3.4,Hall A,e-,5.7572,p,0.93827208816
76,76,0.391,-0.323,1.608,67.5,deg,deltad4SigLU,13.9,pb GeV^-4,5.4,+0.4/-4.6,3.4,Hall A,e-,5.7572,p,0.93827208816
77,77,0.391,-0.323,1.608,82.5,deg,deltad4SigLU,5.7,pb GeV^-4,4.6,+3.6/-0.0,3.4,Hall A,e-,5.7572,p,0.93827208816
78,78,0.391,-0.323,1.608,97.5,deg,deltad4SigLU,0.6,pb GeV^-4,4.2,+4.5/-0.0,3.4,Hall A,e-,5.7572,p,0.93827208816
79,79,0.391,-0.323,1.608,112.5,deg,deltad4SigLU,6.3,pb GeV^-4,3.9,+1.3/-1.4,3.4,Hall A,e-,5.7572,p,0.93827208816
80,80,0.391,-0.323,1.608,127.5,deg,deltad4SigLU,2.0,pb GeV^-4,3.9,+0.1/-2.1,3.4,Hall A,e-,5.7572,p,0.93827208816
81,81,0.391,-0.323,1.608,142.5,deg,deltad4SigLU,1.2,pb GeV^-4,4.5,+0.6/-3.0,3.4,Hall A,e-,5.7572,p,0.93827208816
82,82,0.391,-0.323,1.608,157.5,deg,deltad4SigLU,5.9,pb GeV^-4,5.6,+4.0/-0.7,3.4,Hall A,e-,5.7572,p,0.93827208816
83,83,0.391,-0.323,1.608,172.5,deg,deltad4SigLU,-1.8,pb GeV^-4,6.6,+2.3/-0.0,3.4,Hall A,e-,5.7572,p,0.93827208816
84,84,0.391,-0.323,1.608,187.5,deg,deltad4SigLU,-13.9,pb GeV^-4,6.1,+0.0/-4.2,3.4,Hall A,e-,5.7572,p,0.93827208816
85,85,0.391,-0.323,1.608,202.5,deg,deltad4SigLU,1.8,pb GeV^-4,5.5,+2.0/-2.1,3.4,Hall A,e-,5.7572,p,0.93827208816
86,86,0.391,-0.323,1.608,217.5,deg,deltad4SigLU,-9.8,pb GeV^-4,4.8,+1.2/-3.2,3.4,Hall A,e-,5.7572,p,0.93827208816
87,87,0.391,-0.323,1.608,232.5,deg,deltad4SigLU,1.8,pb GeV^-4,3.9,+1.8/-0.0,3.4,Hall A,e-,5.7572,p,0.93827208816
88,88,0.391,-0.323,1.608,247.5,deg,deltad4SigLU,-11.7,pb GeV^-4,4.1,+2.4/-0.0,3.4,Hall A,e-,5.7572,p,0.93827208816
89,89,0.391,-0.323,1.608,262.5,deg,deltad4SigLU,-15.0,pb GeV^-4,4.3,+0.4/-1.5,3.4,Hall A,e-,5.7572,p,0.93827208816
90,90,0.391,-0.323,1.608,277.5,deg,deltad4SigLU,-12.1,pb GeV^-4,4.6,+1.6/-2.1,3.4,Hall A,e-,5.7572,p,0.93827208816
91,91,0.391,-0.323,1.608,292.5,deg,deltad4SigLU,-4.2,pb GeV^-4,5.2,+0.0/-7.3,3.4,Hall A,e-,5.7572,p,0.93827208816
92,92,0.391,-0.323,1.608,307.5,deg,deltad4SigLU,1.8,pb GeV^-4,6.7,+0.0/-4.2,3.4,Hall A,e-,5.7572,p,0.93827208816
93,93,0.391,-0.323,1.608,322.5,deg,deltad4SigLU,-15.0,pb GeV^-4,9.4,+7.9/-0.0,3.4,Hall A,e-,5.7572,p,0.93827208816
94,94,0.391,-0.323,1.608,337.5,deg,deltad4SigLU,-8.7,pb GeV^-4,12.8,+9.5/-0.0,3.4,Hall A,e-,5.7572,p,0.93827208816
95,95,0.391,-0.323,1.608,352.5,deg,deltad4SigLU,-10.2,pb GeV^-4,15.5,+0.0/-7.2,3.4,Hall A,e-,5.7572,p,0.93827208816
96,96,0.399,-0.37,1.633,7.5,deg,deltad4SigLU,12.7,pb GeV^-4,20.7,+0.0/-6.2,3.4,Hall A,e-,5.7572,p,0.93827208816
97,97,0.399,-0.37,1.633,22.5,deg,deltad4SigLU,25.7,pb GeV^-4,16.3,+2.6/-1.3,3.4,Hall A,e-,5.7572,p,0.93827208816
98,98,0.399,-0.37,1.633,37.5,deg,deltad4SigLU,25.2,pb GeV^-4,11.2,+0.0/-2.1,3.4,Hall A,e-,5.7572,p,0.93827208816
99,99,0.399,-0.37,1.633,52.5,deg,deltad4SigLU,16.3,pb GeV^-4,8.3,+2.6/-1.8,3.4,Hall A,e-,5.7572,p,0.93827208816
100,100,0.399,-0.37,1.633,67.5,deg,deltad4SigLU,11.7,pb GeV^-4,6.2,+0.0/-6.8,3.4,Hall A,e-,5.7572,p,0.93827208816
101,101,0.399,-0.37,1.633,82.5,deg,deltad4SigLU,6.9,pb GeV^-4,4.9,+0.6/-2.2,3.4,Hall A,e-,5.7572,p,0.93827208816
102,102,0.399,-0.37,1.633,97.5,deg,deltad4SigLU,18.9,pb GeV^-4,4.7,+1.4/-2.3,3.4,Hall A,e-,5.7572,p,0.93827208816
103,103,0.399,-0.37,1.633,112.5,deg,deltad4SigLU,2.2,pb GeV^-4,4.7,+4.8/-0.8,3.4,Hall A,e-,5.7572,p,0.93827208816
104,104,0.399,-0.37,1.633,127.5,deg,deltad4SigLU,7.1,pb GeV^-4,5.8,+0.3/-7.2,3.4,Hall A,e-,5.7572,p,0.93827208816
105,105,0.399,-0.37,1.633,142.5,deg,deltad4SigLU,-1.5,pb GeV^-4,7.1,+4.4/-2.8,3.4,Hall A,e-,5.7572,p,0.93827208816
106,106,0.399,-0.37,1.633,157.5,deg,deltad4SigLU,9.1,pb GeV^-4,10.9,+3.5/-4.0,3.4,Hall A,e-,5.7572,p,0.93827208816
107,107,0.399,-0.37,1.633,172.5,deg,deltad4SigLU,-18.3,pb GeV^-4,23.5,+0.0/-4.1,3.4,Hall A,e-,5.7572,p,0.93827208816
108,108,0.399,-0.37,1.633,187.5,deg,deltad4SigLU,-28.1,pb GeV^-4,15.5,+5.6/-7.0,3.4,Hall A,e-,5.7572,p,0.93827208816
109,109,0.399,-0.37,1.633,202.5,deg,deltad4SigLU,0.6,pb GeV^-4,9.0,+0.0/-8.1,3.4,Hall A,e-,5.7572,p,0.93827208816
110,110,0.399,-0.37,1.633,217.5,deg,deltad4SigLU,0.1,pb GeV^-4,7.4,+2.3/-0.8,3.4,Hall A,e-,5.7572,p,0.93827208816
111,111,0.399,-0.37,1.633,232.5,deg,deltad4SigLU,-1.9,pb GeV^-4,5.6,+2.3/-0.2,3.4,Hall A,e-,5.7572,p,0.93827208816
112,112,0.399,-0.37,1.633,247.5,deg,deltad4SigLU,-10.9,pb GeV^-4,5.1,+0.8/-1.3,3.4,Hall A,e-,5.7572,p,0.93827208816
113,113,0.399,-0.37,1.633,262.5,deg,deltad4SigLU,-5.5,pb GeV^-4,4.6,+0.3/-5.1,3.4,Hall A,e-,5.7572,p,0.93827208816
114,114,0.399,-0.37,1.633,277.5,deg,deltad4SigLU,-5.8,pb GeV^-4,4.9,+0.9/-0.5,3.4,Hall A,e-,5.7572,p,0.93827208816
115,115,0.399,-0.37,1.633,292.5,deg,deltad4SigLU,-11.7,pb GeV^-4,6.1,+9.2/-0.0,3.4,Hall A,e-,5.7572,p,0.93827208816
116,116,0.399,-0.37,1.633,307.5,deg,deltad4SigLU,-11.7,pb GeV^-4,7.8,+2.6/-0.9,3.4,Hall A,e-,5.7572,p,0.93827208816
117,117,0.399,-0.37,1.633,322.5,deg,deltad4SigLU,-14.9,pb GeV^-4,11.7,+6.7/-0.5,3.4,Hall A,e-,5.7572,p,0.93827208816
118,118,0.399,-0.37,1.633,337.5,deg,deltad4SigLU,-28.7,pb GeV^-4,20.1,+6.1/-0.6,3.4,Hall A,e-,5.7572,p,0.93827208816
119,119,0.399,-0.37,1.633,352.5,deg,deltad4SigLU,-43.5,pb GeV^-4,23.1,+8.2/-0.0,3.4,Hall A,e-,5.7572,p,0.93827208816
120,120,0.343,-0.172,1.82,7.5,deg,deltad4SigLU,-1.0,pb GeV^-4,6.0,+1.0/-1.1,3.4,Hall A,e-,5.7572,p,0.93827208816
121,121,0.343,-0.172,1.82,22.5,deg,deltad4SigLU,12.2,pb GeV^-4,5.7,+2.3/-0.0,3.4,Hall A,e-,5.7572,p,0.93827208816
122,122,0.343,-0.172,1.82,37.5,deg,deltad4SigLU,16.8,pb GeV^-4,4.9,+2.6/-0.5,3.4,Hall A,e-,5.7572,p,0.93827208816
123,123,0.343,-0.172,1.82,52.5,deg,deltad4SigLU,15.3,pb GeV^-4,4.5,+1.9/-0.9,3.4,Hall A,e-,5.7572,p,0.93827208816
124,124,0.343,-0.172,1.82,67.5,deg,deltad4SigLU,15.8,pb GeV^-4,4.3,+0.5/-1.2,3.4,Hall A,e-,5.7572,p,0.93827208816
125,125,0.343,-0.172,1.82,82.5,deg,deltad4SigLU,20.5,pb GeV^-4,3.9,+2.0/-0.0,3.4,Hall A,e-,5.7572,p,0.93827208816
126,126,0.343,-0.172,1.82,97.5,deg,deltad4SigLU,15.1,pb GeV^-4,3.6,+3.8/-0.0,3.4,Hall A,e-,5.7572,p,0.93827208816
127,127,0.343,-0.172,1.82,112.5,deg,deltad4SigLU,6.7,pb GeV^-4,3.4,+0.0/-1.7,3.4,Hall A,e-,5.7572,p,0.93827208816
128,128,0.343,-0.172,1.82,127.5,deg,deltad4SigLU,14.9,pb GeV^-4,3.2,+0.0/-1.1,3.4,Hall A,e-,5.7572,p,0.93827208816
129,129,0.343,-0.172,1.82,142.5,deg,deltad4SigLU,6.9,pb GeV^-4,3.0,+2.4/-0.0,3.4,Hall A,e-,5.7572,p,0.93827208816
130,130,0.343,-0.172,1.82,157.5,deg,deltad4SigLU,5.7,pb GeV^-4,3.0,+1.5/-0.9,3.4,Hall A,e-,5.7572,p,0.93827208816
131,131,0.343,-0.172,1.82,172.5,deg,deltad4SigLU,0.7,pb GeV^-4,2.9,+2.0/-1.0,3.4,Hall A,e-,5.7572,p,0.93827208816
132,132,0.343,-0.172,1.82,187.5,deg,deltad4SigLU,-0.3,pb GeV^-4,2.9,+1.4/-0.0,3.4,Hall A,e-,5.7572,p,0.93827208816
133,133,0.343,-0.172,1.82,202.5,deg,deltad4SigLU,-6.5,pb GeV^-4,3.0,+1.6/-0.7,3.4,Hall A,e-,5.7572,p,0.93827208816
134,134,0.343,-0.172,1.82,217.5,deg,deltad4SigLU,-8.1,pb GeV^-4,3.1,+0.0/-1.9,3.4,Hall A,e-,5.7572,p,0.93827208816
135,135,0.343,-0.172,1.82,232.5,deg,deltad4SigLU,-9.2,pb GeV^-4,3.1,+0.4/-1.5,3.4,Hall A,e-,5.7572,p,0.93827208816
136,136,0.343,-0.172,1.82,247.5,deg,deltad4SigLU,-11.8,pb GeV^-4,3.2,+3.2/-0.0,3.4,Hall A,e-,5.7572,p,0.93827208816
137,137,0.343,-0.172,1.82,262.5,deg,deltad4SigLU,-17.5,pb GeV^-4,3.4,+3.0/-0.0,3.4,Hall A,e-,5.7572,p,0.93827208816
138,138,0.343,-0.172,1.82,277.5,deg,deltad4SigLU,-16.0,pb GeV^-4,3.8,+0.5/-1.4,3.4,Hall A,e-,5.7572,p,0.93827208816
139,139,0.343,-0.172,1.82,292.5,deg,deltad4SigLU,-17.2,pb GeV^-4,4.0,+2.6/-0.4,3.4,Hall A,e-,5.7572,p,0.93827208816
140,140,0.343,-0.172,1.82,307.5,deg,deltad4SigLU,-16.3,pb GeV^-4,4.5,+1.7/-0.6,3.4,Hall A,e-,5.7572,p,0.93827208816
141,141,0.343,-0.172,1.82,322.5,deg,deltad4SigLU,-11.6,pb GeV^-4,4.9,+0.7/-1.3,3.4,Hall A,e-,5.7572,p,0.93827208816
142,142,0.343,-0.172,1.82,337.5,deg,deltad4SigLU,-1.9,pb GeV^-4,5.5,+2.7/-1.0,3.4,Hall A,e-,5.7572,p,0.93827208816
143,143,0.343,-0.172,1.82,352.5,deg,deltad4SigLU,-3.6,pb GeV^-4,5.9,+0.0/-2.2,3.4,Hall A,e-,5.7572,p,0.93827208816
144,144,0.368,-0.232,1.933,7.5,deg,deltad4SigLU,3.1,pb GeV^-4,6.1,+0.0/-4.8,3.4,Hall A,e-,5.7572,p,0.93827208816
145,145,0.368,-0.232,1.933,22.5,deg,deltad4SigLU,-1.9,pb GeV^-4,5.4,+1.9/-1.4,3.4,Hall A,e-,5.7572,p,0.93827208816
146,146,0.368,-0.232,1.933,37.5,deg,deltad4SigLU,12.0,pb GeV^-4,4.5,+1.6/-2.0,3.4,Hall A,e-,5.7572,p,0.93827208816
147,147,0.368,-0.232,1.933,52.5,deg,deltad4SigLU,19.3,pb GeV^-4,4.2,+0.1/-0.9,3.4,Hall A,e-,5.7572,p,0.93827208816
148,148,0.368,-0.232,1.933,67.5,deg,deltad4SigLU,14.4,pb GeV^-4,3.7,+0.1/-3.0,3.4,Hall A,e-,5.7572,p,0.93827208816
149,149,0.368,-0.232,1.933,82.5,deg,deltad4SigLU,10.8,pb GeV^-4,3.2,+0.2/-3.1,3.4,Hall A,e-,5.7572,p,0.93827208816
150,150,0.368,-0.232,1.933,97.5,deg,deltad4SigLU,8.6,pb GeV^-4,2.8,+2.6/-0.5,3.4,Hall A,e-,5.7572,p,0.93827208816
151,151,0.368,-0.232,1.933,112.5,deg,deltad4SigLU,4.3,pb GeV^-4,2.7,+1.6/-0.7,3.4,Hall A,e-,5.7572,p,0.93827208816
152,152,0.368,-0.232,1.933,127.5,deg,deltad4SigLU,7.2,pb GeV^-4,2.4,+0.4/-1.0,3.4,Hall A,e-,5.7572,p,0.93827208816
153,153,0.368,-0.232,1.933,142.5,deg,deltad4SigLU,7.0,pb GeV^-4,2.3,+0.0/-0.5,3.4,Hall A,e-,5.7572,p,0.93827208816
154,154,0.368,-0.232,1.933,157.5,deg,deltad4SigLU,6.2,pb GeV^-4,2.3,+1.3/-0.7,3.4,Hall A,e-,5.7572,p,0.93827208816
155,155,0.368,-0.232,1.933,172.5,deg,deltad4SigLU,0.4,pb GeV^-4,2.2,+0.0/-1.5,3.4,Hall A,e-,5.7572,p,0.93827208816
156,156,0.368,-0.232,1.933,187.5,deg,deltad4SigLU,-0.7,pb GeV^-4,2.2,+1.4/-0.0,3.4,Hall A,e-,5.7572,p,0.93827208816
157,157,0.368,-0.232,1.933,202.5,deg,deltad4SigLU,-1.4,pb GeV^-4,2.3,+0.0/-2.1,3.4,Hall A,e-,5.7572,p,0.93827208816
158,158,0.368,-0.232,1.933,217.5,deg,deltad4SigLU,-2.6,pb GeV^-4,2.3,+0.0/-2.2,3.4,Hall A,e-,5.7572,p,0.93827208816
159,159,0.368,-0.232,1.933,232.5,deg,deltad4SigLU,-6.7,pb GeV^-4,2.4,+0.0/-2.1,3.4,Hall A,e-,5.7572,p,0.93827208816
160,160,0.368,-0.232,1.933,247.5,deg,deltad4SigLU,-10.6,pb GeV^-4,2.6,+0.0/-1.1,3.4,Hall A,e-,5.7572,p,0.93827208816
161,161,0.368,-0.232,1.933,262.5,deg,deltad4SigLU,-9.2,pb GeV^-4,2.8,+1.9/-0.0,3.4,Hall A,e-,5.7572,p,0.93827208816
162,162,0.368,-0.232,1.933,277.5,deg,deltad4SigLU,-15.5,pb GeV^-4,3.0,+0.0/-3.5,3.4,Hall A,e-,5.7572,p,0.93827208816
163,163,0.368,-0.232,1.933,292.5,deg,deltad4SigLU,-16.0,pb GeV^-4,3.5,+0.9/-0.0,3.4,Hall A,e-,5.7572,p,0.93827208816
164,164,0.368,-0.232,1.933,307.5,deg,deltad4SigLU,-10.3,pb GeV^-4,3.9,+3.3/-0.0,3.4,Hall A,e-,5.7572,p,0.93827208816
165,165,0.368,-0.232,1.933,322.5,deg,deltad4SigLU,-16.5,pb GeV^-4,4.5,+2.3/-0.0,3.4,Hall A,e-,5.7572,p,0.93827208816
166,166,0.368,-0.232,1.933,337.5,deg,deltad4SigLU,-7.2,pb GeV^-4,5.5,+0.2/-2.3,3.4,Hall A,e-,5.7572,p,0.93827208816
167,167,0.368,-0.232,1.933,352.5,deg,deltad4SigLU,-0.7,pb GeV^-4,6.1,+0.5/-1.1,3.4,Hall A,e-,5.7572,p,0.93827208816
168,168,0.375,-0.278,1.964,7.5,deg,deltad4SigLU,1.7,pb GeV^-4,7.7,+0.9/-2.5,3.4,Hall A,e-,5.7572,p,0.93827208816
169,169,0.375,-0.278,1.964,22.5,deg,deltad4SigLU,4.1,pb GeV^-4,6.2,+0.0/-7.5,3.4,Hall A,e-,5.7572,p,0.93827208816
170,170,0.375,-0.278,1.964,37.5,deg,deltad4SigLU,16.1,pb GeV^-4,5.2,+4.2/-0.0,3.4,Hall A,e-,5.7572,p,0.93827208816
171,171,0.375,-0.278,1.964,52.5,deg,deltad4SigLU,15.0,pb GeV^-4,4.3,+3.2/-0.0,3.4,Hall A,e-,5.7572,p,0.93827208816
172,172,0.375,-0.278,1.964,67.5,deg,deltad4SigLU,1.8,pb GeV^-4,3.6,+1.2/-1.1,3.4,Hall A,e-,5.7572,p,0.93827208816
173,173,0.375,-0.278,1.964,82.5,deg,deltad4SigLU,10.9,pb GeV^-4,3.2,+2.0/-0.0,3.4,Hall A,e-,5.7572,p,0.93827208816
174,174,0.375,-0.278,1.964,97.5,deg,deltad4SigLU,4.8,pb GeV^-4,2.9,+0.4/-1.7,3.4,Hall A,e-,5.7572,p,0.93827208816
175,175,0.375,-0.278,1.964,112.5,deg,deltad4SigLU,8.6,pb GeV^-4,2.7,+0.2/-1.3,3.4,Hall A,e-,5.7572,p,0.93827208816
176,176,0.375,-0.278,1.964,127.5,deg,deltad4SigLU,6.4,pb GeV^-4,2.3,+2.2/-0.0,3.4,Hall A,e-,5.7572,p,0.93827208816
177,177,0.375,-0.278,1.964,142.5,deg,deltad4SigLU,6.9,pb GeV^-4,2.2,+0.8/-0.0,3.4,Hall A,e-,5.7572,p,0.93827208816
178,178,0.375,-0.278,1.964,157.5,deg,deltad4SigLU,5.4,pb GeV^-4,2.2,+0.0/-1.1,3.4,Hall A,e-,5.7572,p,0.93827208816
179,179,0.375,-0.278,1.964,172.5,deg,deltad4SigLU,-1.5,pb GeV^-4,2.2,+0.4/-1.4,3.4,Hall A,e-,5.7572,p,0.93827208816
180,180,0.375,-0.278,1.964,187.5,deg,deltad4SigLU,-1.4,pb GeV^-4,2.1,+1.8/-0.5,3.4,Hall A,e-,5.7572,p,0.93827208816
181,181,0.375,-0.278,1.964,202.5,deg,deltad4SigLU,-0.5,pb GeV^-4,2.1,+0.0/-1.3,3.4,Hall A,e-,5.7572,p,0.93827208816
182,182,0.375,-0.278,1.964,217.5,deg,deltad4SigLU,-4.6,pb GeV^-4,2.2,+2.4/-0.0,3.4,Hall A,e-,5.7572,p,0.93827208816
183,183,0.375,-0.278,1.964,232.5,deg,deltad4SigLU,-5.0,pb GeV^-4,2.3,+0.0/-2.4,3.4,Hall A,e-,5.7572,p,0.93827208816
184,184,0.375,-0.278,1.964,247.5,deg,deltad4SigLU,-7.0,pb GeV^-4,2.8,+0.4/-0.8,3.4,Hall A,e-,5.7572,p,0.93827208816
185,185,0.375,-0.278,1.964,262.5,deg,deltad4SigLU,-11.0,pb GeV^-4,3.0,+1.1/-1.0,3.4,Hall A,e-,5.7572,p,0.93827208816
186,186,0.375,-0.278,1.964,277.5,deg,deltad4SigLU,-11.9,pb GeV^-4,3.2,+1.8/-0.0,3.4,Hall A,e-,5.7572,p,0.93827208816
187,187,0.375,-0.278,1.964,292.5,deg,deltad4SigLU,-9.9,pb GeV^-4,3.5,+0.0/-1.3,3.4,Hall A,e-,5.7572,p,0.93827208816
188,188,0.375,-0.278,1.964,307.5,deg,deltad4SigLU,-6.0,pb GeV^-4,4.1,+0.0/-3.9,3.4,Hall A,e-,5.7572,p,0.93827208816
189,189,0.375,-0.278,1.964,322.5,deg,deltad4SigLU,-9.6,pb GeV^-4,4.8,+2.4/-0.0,3.4,Hall A,e-,5.7572,p,0.93827208816
190,190,0.375,-0.278,1.964,337.5,deg,deltad4SigLU,-17.2,pb GeV^-4,6.2,+0.0/-8.0,3.4,Hall A,e-,5.7572,p,0.93827208816
191,191,0.375,-0.278,1.964,352.5,deg,deltad4SigLU,1.8,pb GeV^-4,7.4,+6.3/-1.3,3.4,Hall A,e-,5.7572,p,0.93827208816
192,192,0.379,-0.323,1.986,7.5,deg,deltad4SigLU,7.3,pb GeV^-4,11.1,+10.3/-0.0,3.4,Hall A,e-,5.7572,p,0.93827208816
193,193,0.379,-0.323,1.986,22.5,deg,deltad4SigLU,-0.1,pb GeV^-4,9.0,+0.0/-3.7,3.4,Hall A,e-,5.7572,p,0.93827208816
194,194,0.379,-0.323,1.986,37.5,deg,deltad4SigLU,7.9,pb GeV^-4,6.1,+3.2/-3.4,3.4,Hall A,e-,5.7572,p,0.93827208816
195,195,0.379,-0.323,1.986,52.5,deg,deltad4SigLU,22.4,pb GeV^-4,5.1,+0.2/-1.9,3.4,Hall A,e-,5.7572,p,0.93827208816
196,196,0.379,-0.323,1.986,67.5,deg,deltad4SigLU,9.9,pb GeV^-4,4.0,+0.1/-1.6,3.4,Hall A,e-,5.7572,p,0.93827208816
197,197,0.379,-0.323,1.986,82.5,deg,deltad4SigLU,5.1,pb GeV^-4,3.5,+2.1/-0.0,3.4,Hall A,e-,5.7572,p,0.93827208816
198,198,0.379,-0.323,1.986,97.5,deg,deltad4SigLU,11.3,pb GeV^-4,3.0,+0.6/-0.4,3.4,Hall A,e-,5.7572,p,0.93827208816
199,199,0.379,-0.323,1.986,112.5,deg,deltad4SigLU,1.5,pb GeV^-4,2.7,+0.7/-0.1,3.4,Hall A,e-,5.7572,p,0.93827208816
200,200,0.379,-0.323,1.986,127.5,deg,deltad4SigLU,12.2,pb GeV^-4,2.6,+0.0/-1.9,3.4,Hall A,e-,5.7572,p,0.93827208816
201,201,0.379,-0.323,1.986,142.5,deg,deltad4SigLU,1.0,pb GeV^-4,2.5,+2.5/-0.0,3.4,Hall A,e-,5.7572,p,0.93827208816
202,202,0.379,-0.323,1.986,157.5,deg,deltad4SigLU,2.7,pb GeV^-4,2.6,+1.4/-0.0,3.4,Hall A,e-,5.7572,p,0.93827208816
203,203,0.379,-0.323,1.986,172.5,deg,deltad4SigLU,-0.3,pb GeV^-4,2.5,+2.1/-0.4,3.4,Hall A,e-,5.7572,p,0.93827208816
204,204,0.379,-0.323,1.986,187.5,deg,deltad4SigLU,-3.6,pb GeV^-4,2.7,+4.5/-0.0,3.4,Hall A,e-,5.7572,p,0.93827208816
205,205,0.379,-0.323,1.986,202.5,deg,deltad4SigLU,1.5,pb GeV^-4,2.6,+1.4/-0.0,3.4,Hall A,e-,5.7572,p,0.93827208816
206,206,0.379,-0.323,1.986,217.5,deg,deltad4SigLU,2.3,pb GeV^-4,2.6,+0.3/-0.8,3.4,Hall A,e-,5.7572,p,0.93827208816
207,207,0.379,-0.323,1.986,232.5,deg,deltad4SigLU,0.0,pb GeV^-4,2.7,+3.0/-0.0,3.4,Hall A,e-,5.7572,p,0.93827208816
208,208,0.379,-0.323,1.986,247.5,deg,deltad4SigLU,-8.1,pb GeV^-4,3.0,+0.1/-1.6,3.4,Hall A,e-,5.7572,p,0.93827208816
209,209,0.379,-0.323,1.986,262.5,deg,deltad4SigLU,-7.1,pb GeV^-4,3.1,+2.7/-0.0,3.4,Hall A,e-,5.7572,p,0.93827208816
210,210,0.379,-0.323,1.986,277.5,deg,deltad4SigLU,0.6,pb GeV^-4,3.5,+1.3/-0.0,3.4,Hall A,e-,5.7572,p,0.93827208816
211,211,0.379,-0.323,1.986,292.5,deg,deltad4SigLU,-8.9,pb GeV^-4,4.0,+1.6/-1.5,3.4,Hall A,e-,5.7572,p,0.93827208816
212,212,0.379,-0.323,1.986,307.5,deg,deltad4SigLU,-8.4,pb GeV^-4,5.1,+2.8/-0.0,3.4,Hall A,e-,5.7572,p,0.93827208816
213,213,0.379,-0.323,1.986,322.5,deg,deltad4SigLU,-20.1,pb GeV^-4,6.3,+0.0/-3.6,3.4,Hall A,e-,5.7572,p,0.93827208816
214,214,0.379,-0.323,1.986,337.5,deg,deltad4SigLU,-3.3,pb GeV^-4,8.8,+0.0/-6.7,3.4,Hall A,e-,5.7572,p,0.93827208816
215,215,0.379,-0.323,1.986,352.5,deg,deltad4SigLU,-2.6,pb GeV^-4,10.6,+3.0/-8.5,3.4,Hall A,e-,5.7572,p,0.93827208816
216,216,0.381,-0.371,1.999,7.5,deg,deltad4SigLU,-12.1,pb GeV^-4,16.0,+1.4/-5.2,3.4,Hall A,e-,5.7572,p,0.93827208816
217,217,0.381,-0.371,1.999,22.5,deg,deltad4SigLU,1.1,pb GeV^-4,12.0,+3.6/-1.4,3.4,Hall A,e-,5.7572,p,0.93827208816
218,218,0.381,-0.371,1.999,37.5,deg,deltad4SigLU,4.1,pb GeV^-4,7.5,+4.0/-0.0,3.4,Hall A,e-,5.7572,p,0.93827208816
219,219,0.381,-0.371,1.999,52.5,deg,deltad4SigLU,7.3,pb GeV^-4,5.8,+4.4/-0.2,3.4,Hall A,e-,5.7572,p,0.93827208816
220,220,0.381,-0.371,1.999,67.5,deg,deltad4SigLU,9.9,pb GeV^-4,4.9,+1.1/-1.1,3.4,Hall A,e-,5.7572,p,0.93827208816
221,221,0.381,-0.371,1.999,82.5,deg,deltad4SigLU,10.8,pb GeV^-4,3.8,+0.0/-1.4,3.4,Hall A,e-,5.7572,p,0.93827208816
222,222,0.381,-0.371,1.999,97.5,deg,deltad4SigLU,4.7,pb GeV^-4,3.5,+1.4/-0.3,3.4,Hall A,e-,5.7572,p,0.93827208816
223,223,0.381,-0.371,1.999,112.5,deg,deltad4SigLU,10.5,pb GeV^-4,3.2,+1.5/-1.2,3.4,Hall A,e-,5.7572,p,0.93827208816
224,224,0.381,-0.371,1.999,127.5,deg,deltad4SigLU,2.1,pb GeV^-4,2.9,+2.4/-0.0,3.4,Hall A,e-,5.7572,p,0.93827208816
225,225,0.381,-0.371,1.999,142.5,deg,deltad4SigLU,3.7,pb GeV^-4,2.8,+0.0/-3.6,3.4,Hall A,e-,5.7572,p,0.93827208816
226,226,0.381,-0.371,1.999,157.5,deg,deltad4SigLU,0.1,pb GeV^-4,3.1,+0.0/-1.6,3.4,Hall A,e-,5.7572,p,0.93827208816
227,227,0.381,-0.371,1.999,172.5,deg,deltad4SigLU,-7.0,pb GeV^-4,3.8,+2.6/-0.0,3.4,Hall A,e-,5.7572,p,0.93827208816
228,228,0.381,-0.371,1.999,187.5,deg,deltad4SigLU,2.5,pb GeV^-4,3.7,+2.7/-0.0,3.4,Hall A,e-,5.7572,p,0.93827208816
229,229,0.381,-0.371,1.999,202.5,deg,deltad4SigLU,0.6,pb GeV^-4,3.4,+0.0/-1.3,3.4,Hall A,e-,5.7572,p,0.93827208816
230,230,0.381,-0.371,1.999,217.5,deg,deltad4SigLU,0.4,pb GeV^-4,3.1,+1.6/-0.0,3.4,Hall A,e-,5.7572,p,0.93827208816
231,231,0.381,-0.371,1.999,232.5,deg,deltad4SigLU,-4.4,pb GeV^-4,2.7,+1.9/-0.9,3.4,Hall A,e-,5.7572,p,0.93827208816
232,232,0.381,-0.371,1.999,247.5,deg,deltad4SigLU,0.4,pb GeV^-4,3.1,+0.0/-2.5,3.4,Hall A,e-,5.7572,p,0.93827208816
233,233,0.381,-0.371,1.999,262.5,deg,deltad4SigLU,-2.5,pb GeV^-4,3.2,+2.2/-0.7,3.4,Hall A,e-,5.7572,p,0.93827208816
234,234,0.381,-0.371,1.999,277.5,deg,deltad4SigLU,-6.1,pb GeV^-4,3.6,+0.0/-2.1,3.4,Hall A,e-,5.7572,p,0.93827208816
235,235,0.381,-0.371,1.999,292.5,deg,deltad4SigLU,-1.6,pb GeV^-4,4.4,+1.2/-1.1,3.4,Hall A,e-,5.7572,p,0.93827208816
236,236,0.381,-0.371,1.999,307.5,deg,deltad4SigLU,-7.1,pb GeV^-4,5.4,+1.6/-1.9,3.4,Hall A,e-,5.7572,p,0.93827208816
237,237,0.381,-0.371,1.999,322.5,deg,deltad4SigLU,-7.9,pb GeV^-4,7.6,+1.1/-3.5,3.4,Hall A,e-,5.7572,p,0.93827208816
238,238,0.381,-0.371,1.999,337.5,deg,deltad4SigLU,-1.2,pb GeV^-4,10.9,+1.7/-15.4,3.4,Hall A,e-,5.7572,p,0.93827208816
239,239,0.381,-0.371,1.999,352.5,deg,deltad4SigLU,-5.1,pb GeV^-4,16.7,+13.3/-0.0,3.4,Hall A,e-,5.7572,p,0.93827208816
240,240,0.345,-0.176,2.218,7.5,deg,deltad4SigLU,5.2,pb GeV^-4,5.1,+0.0/-5.4,3.4,Hall A,e-,5.7572,p,0.93827208816
241,241,0.345,-0.176,2.218,22.5,deg,deltad4SigLU,1.8,pb GeV^-4,5.1,+3.6/-0.0,3.4,Hall A,e-,5.7572,p,0.93827208816
242,242,0.345,-0.176,2.218,37.5,deg,deltad4SigLU,8.0,pb GeV^-4,4.7,+1.5/-0.7,3.4,Hall A,e-,5.7572,p,0.93827208816
243,243,0.345,-0.176,2.218,52.5,deg,deltad4SigLU,16.7,pb GeV^-4,4.5,+5.7/-0.1,3.4,Hall A,e-,5.7572,p,0.93827208816
244,244,0.345,-0.176,2.218,67.5,deg,deltad4SigLU,21.1,pb GeV^-4,4.1,+6.0/-0.0,3.4,Hall A,e-,5.7572,p,0.93827208816
245,245,0.345,-0.176,2.218,82.5,deg,deltad4SigLU,16.0,pb GeV^-4,4.0,+2.1/-0.1,3.4,Hall A,e-,5.7572,p,0.93827208816
246,246,0.345,-0.176,2.218,97.5,deg,deltad4SigLU,10.1,pb GeV^-4,3.5,+1.9/-0.1,3.4,Hall A,e-,5.7572,p,0.93827208816
247,247,0.345,-0.176,2.218,112.5,deg,deltad4SigLU,20.7,pb GeV^-4,3.4,+0.1/-1.8,3.4,Hall A,e-,5.7572,p,0.93827208816
248,248,0.345,-0.176,2.218,127.5,deg,deltad4SigLU,9.3,pb GeV^-4,3.2,+0.9/-1.9,3.4,Hall A,e-,5.7572,p,0.93827208816
249,249,0.345,-0.176,2.218,142.5,deg,deltad4SigLU,4.8,pb GeV^-4,3.1,+1.0/-0.1,3.4,Hall A,e-,5.7572,p,0.93827208816
250,250,0.345,-0.176,2.218,157.5,deg,deltad4SigLU,-0.4,pb GeV^-4,3.0,+1.4/-0.0,3.4,Hall A,e-,5.7572,p,0.93827208816
251,251,0.345,-0.176,2.218,172.5,deg,deltad4SigLU,3.3,pb GeV^-4,3.0,+2.9/-0.2,3.4,Hall A,e-,5.7572,p,0.93827208816
252,252,0.345,-0.176,2.218,187.5,deg,deltad4SigLU,-0.6,pb GeV^-4,2.8,+0.6/-1.4,3.4,Hall A,e-,5.7572,p,0.93827208816
253,253,0.345,-0.176,2.218,202.5,deg,deltad4SigLU,-2.6,pb GeV^-4,2.9,+0.9/-2.0,3.4,Hall A,e-,5.7572,p,0.93827208816
254,254,0.345,-0.176,2.218,217.5,deg,deltad4SigLU,-7.5,pb GeV^-4,3.0,+1.1/-0.0,3.4,Hall A,e-,5.7572,p,0.93827208816
255,255,0.345,-0.176,2.218,232.5,deg,deltad4SigLU,-13.1,pb GeV^-4,3.2,+3.3/-0.0,3.4,Hall A,e-,5.7572,p,0.93827208816
256,256,0.345,-0.176,2.218,247.5,deg,deltad4SigLU,-6.9,pb GeV^-4,3.3,+1.7/-0.0,3.4,Hall A,e-,5.7572,p,0.93827208816
257,257,0.345,-0.176,2.218,262.5,deg,deltad4SigLU,-17.5,pb GeV^-4,3.6,+2.1/-0.0,3.4,Hall A,e-,5.7572,p,0.93827208816
258,258,0.345,-0.176,2.218,277.5,deg,deltad4SigLU,-13.0,pb GeV^-4,3.8,+1.4/-0.7,3.4,Hall A,e-,5.7572,p,0.93827208816
259,259,0.345,-0.176,2.218,292.5,deg,deltad4SigLU,-13.2,pb GeV^-4,4.2,+2.9/-0.6,3.4,Hall A,e-,5.7572,p,0.93827208816
260,260,0.345,-0.176,2.218,307.5,deg,deltad4SigLU,-16.6,pb GeV^-4,4.3,+0.4/-2.1,3.4,Hall A,e-,5.7572,p,0.93827208816
261,261,0.345,-0.176,2.218,322.5,deg,deltad4SigLU,-15.2,pb GeV^-4,4.6,+2.8/-0.0,3.4,Hall A,e-,5.7572,p,0.93827208816
262,262,0.345,-0.176,2.218,337.5,deg,deltad4SigLU,-3.1,pb GeV^-4,4.8,+0.5/-0.4,3.4,Hall A,e-,5.7572,p,0.93827208816
263,263,0.345,-0.176,2.218,352.5,deg,deltad4SigLU,-1.2,pb GeV^-4,4.9,+1.1/-1.5,3.4,Hall A,e-,5.7572,p,0.93827208816
264,264,0.363,-0.232,2.318,7.5,deg,deltad4SigLU,7.4,pb GeV^-4,4.9,+0.2/-1.8,3.4,Hall A,e-,5.7572,p,0.93827208816
265,265,0.363,-0.232,2.318,22.5,deg,deltad4SigLU,15.4,pb GeV^-4,4.6,+0.9/-1.3,3.4,Hall A,e-,5.7572,p,0.93827208816
266,266,0.363,-0.232,2.318,37.5,deg,deltad4SigLU,8.3,pb GeV^-4,4.1,+1.8/-0.0,3.4,Hall A,e-,5.7572,p,0.93827208816
267,267,0.363,-0.232,2.318,52.5,deg,deltad4SigLU,11.5,pb GeV^-4,3.6,+1.5/-1.5,3.4,Hall A,e-,5.7572,p,0.93827208816
268,268,0.363,-0.232,2.318,67.5,deg,deltad4SigLU,17.1,pb GeV^-4,3.2,+3.7/-0.0,3.4,Hall A,e-,5.7572,p,0.93827208816
269,269,0.363,-0.232,2.318,82.5,deg,deltad4SigLU,6.6,pb GeV^-4,2.9,+1.6/-0.0,3.4,Hall A,e-,5.7572,p,0.93827208816
270,270,0.363,-0.232,2.318,97.5,deg,deltad4SigLU,12.3,pb GeV^-4,2.7,+0.0/-0.7,3.4,Hall A,e-,5.7572,p,0.93827208816
271,271,0.363,-0.232,2.318,112.5,deg,deltad4SigLU,11.6,pb GeV^-4,2.4,+0.1/-1.3,3.4,Hall A,e-,5.7572,p,0.93827208816
272,272,0.363,-0.232,2.318,127.5,deg,deltad4SigLU,6.4,pb GeV^-4,2.3,+0.7/-1.4,3.4,Hall A,e-,5.7572,p,0.93827208816
273,273,0.363,-0.232,2.318,142.5,deg,deltad4SigLU,5.5,pb GeV^-4,2.1,+0.6/-0.2,3.4,Hall A,e-,5.7572,p,0.93827208816
274,274,0.363,-0.232,2.318,157.5,deg,deltad4SigLU,2.7,pb GeV^-4,2.2,+0.9/-0.1,3.4,Hall A,e-,5.7572,p,0.93827208816
275,275,0.363,-0.232,2.318,172.5,deg,deltad4SigLU,0.0,pb GeV^-4,2.0,+1.5/-0.0,3.4,Hall A,e-,5.7572,p,0.93827208816
276,276,0.363,-0.232,2.318,187.5,deg,deltad4SigLU,0.2,pb GeV^-4,2.1,+1.2/-0.2,3.4,Hall A,e-,5.7572,p,0.93827208816
277,277,0.363,-0.232,2.318,202.5,deg,deltad4SigLU,-0.7,pb GeV^-4,2.1,+0.4/-0.7,3.4,Hall A,e-,5.7572,p,0.93827208816
278,278,0.363,-0.232,2.318,217.5,deg,deltad4SigLU,-5.4,pb GeV^-4,2.2,+0.2/-0.5,3.4,Hall A,e-,5.7572,p,0.93827208816
279,279,0.363,-0.232,2.318,232.5,deg,deltad4SigLU,-4.2,pb GeV^-4,2.3,+0.5/-1.2,3.4,Hall A,e-,5.7572,p,0.93827208816
280,280,0.363,-0.232,2.318,247.5,deg,deltad4SigLU,-9.5,pb GeV^-4,2.4,+0.4/-0.7,3.4,Hall A,e-,5.7572,p,0.93827208816
281,281,0.363,-0.232,2.318,262.5,deg,deltad4SigLU,-9.0,pb GeV^-4,2.7,+0.1/-1.4,3.4,Hall A,e-,5.7572,p,0.93827208816
282,282,0.363,-0.232,2.318,277.5,deg,deltad4SigLU,-16.0,pb GeV^-4,2.8,+0.5/-1.2,3.4,Hall A,e-,5.7572,p,0.93827208816
283,283,0.363,-0.232,2.318,292.5,deg,deltad4SigLU,-12.6,pb GeV^-4,3.1,+0.4/-1.8,3.4,Hall A,e-,5.7572,p,0.93827208816
284,284,0.363,-0.232,2.318,307.5,deg,deltad4SigLU,-14.0,pb GeV^-4,3.5,+4.4/-0.0,3.4,Hall A,e-,5.7572,p,0.93827208816
285,285,0.363,-0.232,2.318,322.5,deg,deltad4SigLU,-14.0,pb GeV^-4,3.8,+0.2/-1.5,3.4,Hall A,e-,5.7572,p,0.93827208816
286,286,0.363,-0.232,2.318,337.5,deg,deltad4SigLU,1.4,pb GeV^-4,4.4,+1.1/-0.8,3.4,Hall A,e-,5.7572,p,0.93827208816
287,287,0.363,-0.232,2.318,352.5,deg,deltad4SigLU,-1.1,pb GeV^-4,4.8,+4.3/-0.0,3.4,Hall A,e-,5.7572,p,0.93827208816
288,288,0.368,-0.279,2.348,7.5,deg,deltad4SigLU,11.5,pb GeV^-4,5.9,+3.9/-0.1,3.4,Hall A,e-,5.7572,p,0.93827208816
289,289,0.368,-0.279,2.348,22.5,deg,deltad4SigLU,8.6,pb GeV^-4,5.3,+1.6/-0.4,3.4,Hall A,e-,5.7572,p,0.93827208816
290,290,0.368,-0.279,2.348,37.5,deg,deltad4SigLU,15.4,pb GeV^-4,4.2,+0.0/-1.9,3.4,Hall A,e-,5.7572,p,0.93827208816
291,291,0.368,-0.279,2.348,52.5,deg,deltad4SigLU,10.5,pb GeV^-4,3.6,+1.5/-0.2,3.4,Hall A,e-,5.7572,p,0.93827208816
292,292,0.368,-0.279,2.348,67.5,deg,deltad4SigLU,16.7,pb GeV^-4,3.2,+1.2/-0.0,3.4,Hall A,e-,5.7572,p,0.93827208816
293,293,0.368,-0.279,2.348,82.5,deg,deltad4SigLU,11.9,pb GeV^-4,2.8,+2.4/-0.4,3.4,Hall A,e-,5.7572,p,0.93827208816
294,294,0.368,-0.279,2.348,97.5,deg,deltad4SigLU,9.8,pb GeV^-4,2.4,+1.4/-0.0,3.4,Hall A,e-,5.7572,p,0.93827208816
295,295,0.368,-0.279,2.348,112.5,deg,deltad4SigLU,8.0,pb GeV^-4,2.2,+0.0/-0.9,3.4,Hall A,e-,5.7572,p,0.93827208816
296,296,0.368,-0.279,2.348,127.5,deg,deltad4SigLU,3.5,pb GeV^-4,1.9,+0.7/-1.0,3.4,Hall A,e-,5.7572,p,0.93827208816
297,297,0.368,-0.279,2.348,142.5,deg,deltad4SigLU,3.7,pb GeV^-4,2.0,+1.6/-0.0,3.4,Hall A,e-,5.7572,p,0.93827208816
298,298,0.368,-0.279,2.348,157.5,deg,deltad4SigLU,4.0,pb GeV^-4,2.0,+0.3/-0.5,3.4,Hall A,e-,5.7572,p,0.93827208816
299,299,0.368,-0.279,2.348,172.5,deg,deltad4SigLU,-0.3,pb GeV^-4,2.0,+0.7/-0.1,3.4,Hall A,e-,5.7572,p,0.93827208816
300,300,0.368,-0.279,2.348,187.5,deg,deltad4SigLU,1.0,pb GeV^-4,1.9,+0.0/-1.2,3.4,Hall A,e-,5.7572,p,0.93827208816
301,301,0.368,-0.279,2.348,202.5,deg,deltad4SigLU,-1.8,pb GeV^-4,1.8,+0.0/-0.5,3.4,Hall A,e-,5.7572,p,0.93827208816
302,302,0.368,-0.279,2.348,217.5,deg,deltad4SigLU,-5.1,pb GeV^-4,2.0,+1.3/-0.0,3.4,Hall A,e-,5.7572,p,0.93827208816
303,303,0.368,-0.279,2.348,232.5,deg,deltad4SigLU,-4.7,pb GeV^-4,2.1,+0.0/-0.8,3.4,Hall A,e-,5.7572,p,0.93827208816
304,304,0.368,-0.279,2.348,247.5,deg,deltad4SigLU,-3.8,pb GeV^-4,2.1,+0.9/-0.0,3.4,Hall A,e-,5.7572,p,0.93827208816
305,305,0.368,-0.279,2.348,262.5,deg,deltad4SigLU,-10.5,pb GeV^-4,2.4,+0.0/-3.0,3.4,Hall A,e-,5.7572,p,0.93827208816
306,306,0.368,-0.279,2.348,277.5,deg,deltad4SigLU,-9.8,pb GeV^-4,2.6,+2.1/-0.0,3.4,Hall A,e-,5.7572,p,0.93827208816
307,307,0.368,-0.279,2.348,292.5,deg,deltad4SigLU,-11.0,pb GeV^-4,2.9,+1.0/-0.9,3.4,Hall A,e-,5.7572,p,0.93827208816
308,308,0.368,-0.279,2.348,307.5,deg,deltad4SigLU,-15.8,pb GeV^-4,3.5,+1.7/-0.5,3.4,Hall A,e-,5.7572,p,0.93827208816
309,309,0.368,-0.279,2.348,322.5,deg,deltad4SigLU,-9.4,pb GeV^-4,3.8,+2.1/-0.0,3.4,Hall A,e-,5.7572,p,0.93827208816
310,310,0.368,-0.279,2.348,337.5,deg,deltad4SigLU,-5.0,pb GeV^-4,4.7,+0.8/-1.7,3.4,Hall A,e-,5.7572,p,0.93827208816
311,311,0.368,-0.279,2.348,352.5,deg,deltad4SigLU,2.7,pb GeV^-4,5.5,+0.0/-3.8,3.4,Hall A,e-,5.7572,p,0.93827208816
312,312,0.371,-0.325,2.36,7.5,deg,deltad4SigLU,1.7,pb GeV^-4,7.3,+2.9/-0.0,3.4,Hall A,e-,5.7572,p,0.93827208816
313,313,0.371,-0.325,2.36,22.5,deg,deltad4SigLU,4.4,pb GeV^-4,6.2,+0.0/-4.3,3.4,Hall A,e-,5.7572,p,0.93827208816
314,314,0.371,-0.325,2.36,37.5,deg,deltad4SigLU,1.9,pb GeV^-4,4.4,+0.0/-5.3,3.4,Hall A,e-,5.7572,p,0.93827208816
315,315,0.371,-0.325,2.36,52.5,deg,deltad4SigLU,9.6,pb GeV^-4,3.8,+0.0/-2.3,3.4,Hall A,e-,5.7572,p,0.93827208816
316,316,0.371,-0.325,2.36,67.5,deg,deltad4SigLU,15.0,pb GeV^-4,3.4,+0.0/-1.4,3.4,Hall A,e-,5.7572,p,0.93827208816
317,317,0.371,-0.325,2.36,82.5,deg,deltad4SigLU,9.3,pb GeV^-4,2.6,+1.7/-0.2,3.4,Hall A,e-,5.7572,p,0.93827208816
318,318,0.371,-0.325,2.36,97.5,deg,deltad4SigLU,9.9,pb GeV^-4,2.4,+1.3/-0.0,3.4,Hall A,e-,5.7572,p,0.93827208816
319,319,0.371,-0.325,2.36,112.5,deg,deltad4SigLU,3.7,pb GeV^-4,2.2,+0.5/-0.3,3.4,Hall A,e-,5.7572,p,0.93827208816
320,320,0.371,-0.325,2.36,127.5,deg,deltad4SigLU,6.6,pb GeV^-4,2.0,+0.4/-0.0,3.4,Hall A,e-,5.7572,p,0.93827208816
321,321,0.371,-0.325,2.36,142.5,deg,deltad4SigLU,3.6,pb GeV^-4,1.9,+0.0/-1.5,3.4,Hall A,e-,5.7572,p,0.93827208816
322,322,0.371,-0.325,2.36,157.5,deg,deltad4SigLU,5.5,pb GeV^-4,1.8,+0.8/-0.2,3.4,Hall A,e-,5.7572,p,0.93827208816
323,323,0.371,-0.325,2.36,172.5,deg,deltad4SigLU,2.7,pb GeV^-4,1.9,+0.1/-0.9,3.4,Hall A,e-,5.7572,p,0.93827208816
324,324,0.371,-0.325,2.36,187.5,deg,deltad4SigLU,-0.6,pb GeV^-4,1.9,+0.4/-0.5,3.4,Hall A,e-,5.7572,p,0.93827208816
325,325,0.371,-0.325,2.36,202.5,deg,deltad4SigLU,-4.2,pb GeV^-4,2.0,+1.1/-0.0,3.4,Hall A,e-,5.7572,p,0.93827208816
326,326,0.371,-0.325,2.36,217.5,deg,deltad4SigLU,-5.2,pb GeV^-4,1.8,+0.4/-0.7,3.4,Hall A,e-,5.7572,p,0.93827208816
327,327,0.371,-0.325,2.36,232.5,deg,deltad4SigLU,-5.2,pb GeV^-4,1.9,+1.4/-0.0,3.4,Hall A,e-,5.7572,p,0.93827208816
328,328,0.371,-0.325,2.36,247.5,deg,deltad4SigLU,0.6,pb GeV^-4,2.1,+0.9/-0.4,3.4,Hall A,e-,5.7572,p,0.93827208816
329,329,0.371,-0.325,2.36,262.5,deg,deltad4SigLU,-6.8,pb GeV^-4,2.4,+0.4/-1.7,3.4,Hall A,e-,5.7572,p,0.93827208816
330,330,0.371,-0.325,2.36,277.5,deg,deltad4SigLU,-14.2,pb GeV^-4,2.7,+0.0/-1.5,3.4,Hall A,e-,5.7572,p,0.93827208816
331,331,0.371,-0.325,2.36,292.5,deg,deltad4SigLU,-9.6,pb GeV^-4,3.1,+0.0/-3.6,3.4,Hall A,e-,5.7572,p,0.93827208816
332,332,0.371,-0.325,2.36,307.5,deg,deltad4SigLU,-10.6,pb GeV^-4,3.6,+0.7/-0.6,3.4,Hall A,e-,5.7572,p,0.93827208816
333,333,0.371,-0.325,2.36,322.5,deg,deltad4SigLU,-14.2,pb GeV^-4,4.5,+4.4/-0.0,3.4,Hall A,e-,5.7572,p,0.93827208816
334,334,0.371,-0.325,2.36,337.5,deg,deltad4SigLU,-0.5,pb GeV^-4,5.9,+0.7/-2.6,3.4,Hall A,e-,5.7572,p,0.93827208816
335,335,0.371,-0.325,2.36,352.5,deg,deltad4SigLU,-0.5,pb GeV^-4,7.3,+2.9/-1.5,3.4,Hall A,e-,5.7572,p,0.93827208816
336,336,0.373,-0.372,2.375,7.5,deg,deltad4SigLU,9.4,pb GeV^-4,10.9,+2.0/-2.5,3.4,Hall A,e-,5.7572,p,0.93827208816
337,337,0.373,-0.372,2.375,22.5,deg,deltad4SigLU,6.4,pb GeV^-4,8.2,+4.6/-1.9,3.4,Hall A,e-,5.7572,p,0.93827208816
338,338,0.373,-0.372,2.375,37.5,deg,deltad4SigLU,10.0,pb GeV^-4,5.3,+0.0/-3.6,3.4,Hall A,e-,5.7572,p,0.93827208816
339,339,0.373,-0.372,2.375,52.5,deg,deltad4SigLU,21.8,pb GeV^-4,4.3,+1.6/-0.4,3.4,Hall A,e-,5.7572,p,0.93827208816
340,340,0.373,-0.372,2.375,67.5,deg,deltad4SigLU,6.2,pb GeV^-4,3.3,+0.0/-3.5,3.4,Hall A,e-,5.7572,p,0.93827208816
341,341,0.373,-0.372,2.375,82.5,deg,deltad4SigLU,9.3,pb GeV^-4,2.7,+1.0/-0.5,3.4,Hall A,e-,5.7572,p,0.93827208816
342,342,0.373,-0.372,2.375,97.5,deg,deltad4SigLU,9.0,pb GeV^-4,2.4,+0.1/-1.8,3.4,Hall A,e-,5.7572,p,0.93827208816
343,343,0.373,-0.372,2.375,112.5,deg,deltad4SigLU,-1.1,pb GeV^-4,2.0,+1.6/-0.0,3.4,Hall A,e-,5.7572,p,0.93827208816
344,344,0.373,-0.372,2.375,127.5,deg,deltad4SigLU,1.6,pb GeV^-4,1.8,+0.1/-0.4,3.4,Hall A,e-,5.7572,p,0.93827208816
345,345,0.373,-0.372,2.375,142.5,deg,deltad4SigLU,3.2,pb GeV^-4,1.8,+0.9/-0.0,3.4,Hall A,e-,5.7572,p,0.93827208816
346,346,0.373,-0.372,2.375,157.5,deg,deltad4SigLU,3.6,pb GeV^-4,1.9,+0.7/-0.0,3.4,Hall A,e-,5.7572,p,0.93827208816
347,347,0.373,-0.372,2.375,172.5,deg,deltad4SigLU,2.1,pb GeV^-4,2.0,+1.1/-0.2,3.4,Hall A,e-,5.7572,p,0.93827208816
348,348,0.373,-0.372,2.375,187.5,deg,deltad4SigLU,4.4,pb GeV^-4,2.0,+0.0/-1.0,3.4,Hall A,e-,5.7572,p,0.93827208816
349,349,0.373,-0.372,2.375,202.5,deg,deltad4SigLU,-0.1,pb GeV^-4,2.0,+0.0/-2.5,3.4,Hall A,e-,5.7572,p,0.93827208816
350,350,0.373,-0.372,2.375,217.5,deg,deltad4SigLU,-3.5,pb GeV^-4,1.8,+0.8/-0.1,3.4,Hall A,e-,5.7572,p,0.93827208816
351,351,0.373,-0.372,2.375,232.5,deg,deltad4SigLU,-4.0,pb GeV^-4,1.9,+0.2/-0.7,3.4,Hall A,e-,5.7572,p,0.93827208816
352,352,0.373,-0.372,2.375,247.5,deg,deltad4SigLU,-1.8,pb GeV^-4,2.1,+0.6/-1.0,3.4,Hall A,e-,5.7572,p,0.93827208816
353,353,0.373,-0.372,2.375,262.5,deg,deltad4SigLU,-3.4,pb GeV^-4,2.3,+0.0/-1.1,3.4,Hall A,e-,5.7572,p,0.93827208816
354,354,0.373,-0.372,2.375,277.5,deg,deltad4SigLU,-5.8,pb GeV^-4,2.6,+0.7/-0.3,3.4,Hall A,e-,5.7572,p,0.93827208816
355,355,0.373,-0.372,2.375,292.5,deg,deltad4SigLU,-11.3,pb GeV^-4,3.1,+0.0/-1.8,3.4,Hall A,e-,5.7572,p,0.93827208816
356,356,0.373,-0.372,2.375,307.5,deg,deltad4SigLU,-8.8,pb GeV^-4,3.7,+0.4/-0.5,3.4,Hall A,e-,5.7572,p,0.93827208816
357,357,0.373,-0.372,2.375,322.5,deg,deltad4SigLU,-5.2,pb GeV^-4,5.1,+0.4/-2.6,3.4,Hall A,e-,5.7572,p,0.93827208816
358,358,0.373,-0.372,2.375,337.5,deg,deltad4SigLU,-8.1,pb GeV^-4,8.1,+3.4/-4.3,3.4,Hall A,e-,5.7572,p,0.93827208816
359,359,0.373,-0.372,2.375,352.5,deg,deltad4SigLU,7.3,pb GeV^-4,11.5,+2.2/-1.1,3.4,Hall A,e-,5.7572,p,0.93827208816
360,360,0.378,-0.192,2.012,7.5,deg,deltad4SigLU,-2.8,pb GeV^-4,9.1,+4.3/-2.5,3.4,Hall A,e-,5.7572,p,0.93827208816
361,361,0.378,-0.192,2.012,22.5,deg,deltad4SigLU,2.7,pb GeV^-4,8.8,+0.7/-5.6,3.4,Hall A,e-,5.7572,p,0.93827208816
362,362,0.378,-0.192,2.012,37.5,deg,deltad4SigLU,-6.0,pb GeV^-4,7.9,+3.6/-0.0,3.4,Hall A,e-,5.7572,p,0.93827208816
363,363,0.378,-0.192,2.012,52.5,deg,deltad4SigLU,7.2,pb GeV^-4,8.1,+2.6/-2.5,3.4,Hall A,e-,5.7572,p,0.93827208816
364,364,0.378,-0.192,2.012,67.5,deg,deltad4SigLU,-5.9,pb GeV^-4,7.7,+2.2/-0.7,3.4,Hall A,e-,5.7572,p,0.93827208816
365,365,0.378,-0.192,2.012,82.5,deg,deltad4SigLU,18.2,pb GeV^-4,7.2,+0.7/-1.9,3.4,Hall A,e-,5.7572,p,0.93827208816
366,366,0.378,-0.192,2.012,97.5,deg,deltad4SigLU,-0.8,pb GeV^-4,7.3,+4.8/-0.6,3.4,Hall A,e-,5.7572,p,0.93827208816
367,367,0.378,-0.192,2.012,112.5,deg,deltad4SigLU,14.0,pb GeV^-4,6.7,+2.8/-0.0,3.4,Hall A,e-,5.7572,p,0.93827208816
368,368,0.378,-0.192,2.012,127.5,deg,deltad4SigLU,-0.3,pb GeV^-4,6.7,+2.9/-0.7,3.4,Hall A,e-,5.7572,p,0.93827208816
369,369,0.378,-0.192,2.012,142.5,deg,deltad4SigLU,1.6,pb GeV^-4,6.0,+0.0/-4.0,3.4,Hall A,e-,5.7572,p,0.93827208816
370,370,0.378,-0.192,2.012,157.5,deg,deltad4SigLU,-9.0,pb GeV^-4,5.9,+2.5/-2.4,3.4,Hall A,e-,5.7572,p,0.93827208816
371,371,0.378,-0.192,2.012,172.5,deg,deltad4SigLU,-4.9,pb GeV^-4,5.9,+0.0/-3.1,3.4,Hall A,e-,5.7572,p,0.93827208816
372,372,0.378,-0.192,2.012,187.5,deg,deltad4SigLU,-2.7,pb GeV^-4,6.0,+1.4/-3.3,3.4,Hall A,e-,5.7572,p,0.93827208816
373,373,0.378,-0.192,2.012,202.5,deg,deltad4SigLU,6.7,pb GeV^-4,6.3,+0.9/-4.1,3.4,Hall A,e-,5.7572,p,0.93827208816
374,374,0.378,-0.192,2.012,217.5,deg,deltad4SigLU,-0.8,pb GeV^-4,6.6,+0.5/-10.0,3.4,Hall A,e-,5.7572,p,0.93827208816
375,375,0.378,-0.192,2.012,232.5,deg,deltad4SigLU,-8.7,pb GeV^-4,6.3,+2.6/-0.0,3.4,Hall A,e-,5.7572,p,0.93827208816
376,376,0.378,-0.192,2.012,247.5,deg,deltad4SigLU,-12.9,pb GeV^-4,6.2,+0.5/-4.0,3.4,Hall A,e-,5.7572,p,0.93827208816
377,377,0.378,-0.192,2.012,262.5,deg,deltad4SigLU,-4.0,pb GeV^-4,6.5,+0.3/-3.8,3.4,Hall A,e-,5.7572,p,0.93827208816
378,378,0.378,-0.192,2.012,277.5,deg,deltad4SigLU,-1.2,pb GeV^-4,6.9,+0.6/-2.9,3.4,Hall A,e-,5.7572,p,0.93827208816
379,379,0.378,-0.192,2.012,292.5,deg,deltad4SigLU,-6.0,pb GeV^-4,7.4,+0.6/-1.6,3.4,Hall A,e-,5.7572,p,0.93827208816
380,380,0.378,-0.192,2.012,307.5,deg,deltad4SigLU,0.6,pb GeV^-4,8.3,+1.7/-5.6,3.4,Hall A,e-,5.7572,p,0.93827208816
381,381,0.378,-0.192,2.012,322.5,deg,deltad4SigLU,-2.6,pb GeV^-4,8.3,+0.0/-8.0,3.4,Hall A,e-,5.7572,p,0.93827208816
382,382,0.378,-0.192,2.012,337.5,deg,deltad4SigLU,-14.3,pb GeV^-4,8.6,+3.4/-1.6,3.4,Hall A,e-,5.7572,p,0.93827208816
383,383,0.378,-0.192,2.012,352.5,deg,deltad4SigLU,4.7,pb GeV^-4,8.7,+7.7/-0.0,3.4,Hall A,e-,5.7572,p,0.93827208816
384,384,0.392,-0.233,2.054,7.5,deg,deltad4SigLU,-2.4,pb GeV^-4,5.1,+0.0/-3.5,3.4,Hall A,e-,5.7572,p,0.93827208816
385,385,0.392,-0.233,2.054,22.5,deg,deltad4SigLU,-0.6,pb GeV^-4,4.8,+0.5/-2.4,3.4,Hall A,e-,5.7572,p,0.93827208816
386,386,0.392,-0.233,2.054,37.5,deg,deltad4SigLU,4.1,pb GeV^-4,4.4,+1.6/-1.1,3.4,Hall A,e-,5.7572,p,0.93827208816
387,387,0.392,-0.233,2.054,52.5,deg,deltad4SigLU,13.7,pb GeV^-4,4.5,+2.6/-0.4,3.4,Hall A,e-,5.7572,p,0.93827208816
388,388,0.392,-0.233,2.054,67.5,deg,deltad4SigLU,5.0,pb GeV^-4,4.1,+1.1/-0.0,3.4,Hall A,e-,5.7572,p,0.93827208816
389,389,0.392,-0.233,2.054,82.5,deg,deltad4SigLU,12.4,pb GeV^-4,4.0,+0.1/-3.3,3.4,Hall A,e-,5.7572,p,0.93827208816
390,390,0.392,-0.233,2.054,97.5,deg,deltad4SigLU,4.6,pb GeV^-4,3.6,+3.2/-0.0,3.4,Hall A,e-,5.7572,p,0.93827208816
391,391,0.392,-0.233,2.054,112.5,deg,deltad4SigLU,-0.6,pb GeV^-4,3.6,+0.0/-2.5,3.4,Hall A,e-,5.7572,p,0.93827208816
392,392,0.392,-0.233,2.054,127.5,deg,deltad4SigLU,3.0,pb GeV^-4,3.1,+0.0/-1.6,3.4,Hall A,e-,5.7572,p,0.93827208816
393,393,0.392,-0.233,2.054,142.5,deg,deltad4SigLU,4.8,pb GeV^-4,3.1,+0.2/-1.7,3.4,Hall A,e-,5.7572,p,0.93827208816
394,394,0.392,-0.233,2.054,157.5,deg,deltad4SigLU,4.9,pb GeV^-4,3.0,+0.1/-1.2,3.4,Hall A,e-,5.7572,p,0.93827208816
395,395,0.392,-0.233,2.054,172.5,deg,deltad4SigLU,1.0,pb GeV^-4,3.0,+0.8/-1.5,3.4,Hall A,e-,5.7572,p,0.93827208816
396,396,0.392,-0.233,2.054,187.5,deg,deltad4SigLU,2.5,pb GeV^-4,3.0,+0.6/-1.1,3.4,Hall A,e-,5.7572,p,0.93827208816
397,397,0.392,-0.233,2.054,202.5,deg,deltad4SigLU,-1.0,pb GeV^-4,3.2,+0.0/-3.2,3.4,Hall A,e-,5.7572,p,0.93827208816
398,398,0.392,-0.233,2.054,217.5,deg,deltad4SigLU,1.3,pb GeV^-4,3.1,+0.0/-2.6,3.4,Hall A,e-,5.7572,p,0.93827208816
399,399,0.392,-0.233,2.054,232.5,deg,deltad4SigLU,-1.1,pb GeV^-4,3.1,+0.0/-4.4,3.4,Hall A,e-,5.7572,p,0.93827208816
400,400,0.392,-0.233,2.054,247.5,deg,deltad4SigLU,-10.3,pb GeV^-4,3.4,+0.0/-2.8,3.4,Hall A,e-,5.7572,p,0.93827208816
401,401,0.392,-0.233,2.054,262.5,deg,deltad4SigLU,-2.4,pb GeV^-4,3.7,+2.5/-0.0,3.4,Hall A,e-,5.7572,p,0.93827208816
402,402,0.392,-0.233,2.054,277.5,deg,deltad4SigLU,-12.5,pb GeV^-4,3.7,+0.0/-3.0,3.4,Hall A,e-,5.7572,p,0.93827208816
403,403,0.392,-0.233,2.054,292.5,deg,deltad4SigLU,-13.8,pb GeV^-4,4.1,+2.6/-0.0,3.4,Hall A,e-,5.7572,p,0.93827208816
404,404,0.392,-0.233,2.054,307.5,deg,deltad4SigLU,-5.3,pb GeV^-4,4.2,+5.0/-0.0,3.4,Hall A,e-,5.7572,p,0.93827208816
405,405,0.392,-0.233,2.054,322.5,deg,deltad4SigLU,-15.7,pb GeV^-4,4.6,+1.1/-1.2,3.4,Hall A,e-,5.7572,p,0.93827208816
406,406,0.392,-0.233,2.054,337.5,deg,deltad4SigLU,-1.8,pb GeV^-4,4.8,+0.8/-0.8,3.4,Hall A,e-,5.7572,p,0.93827208816
407,407,0.392,-0.233,2.054,352.5,deg,deltad4SigLU,-3.1,pb GeV^-4,5.0,+0.9/-0.8,3.4,Hall A,e-,5.7572,p,0.93827208816
408,408,0.398,-0.279,2.074,7.5,deg,deltad4SigLU,-0.2,pb GeV^-4,5.9,+0.8/-1.0,3.4,Hall A,e-,5.7572,p,0.93827208816
409,409,0.398,-0.279,2.074,22.5,deg,deltad4SigLU,1.4,pb GeV^-4,5.0,+0.0/-4.0,3.4,Hall A,e-,5.7572,p,0.93827208816
410,410,0.398,-0.279,2.074,37.5,deg,deltad4SigLU,13.3,pb GeV^-4,4.6,+4.3/-0.0,3.4,Hall A,e-,5.7572,p,0.93827208816
411,411,0.398,-0.279,2.074,52.5,deg,deltad4SigLU,11.2,pb GeV^-4,4.4,+2.3/-0.0,3.4,Hall A,e-,5.7572,p,0.93827208816
412,412,0.398,-0.279,2.074,67.5,deg,deltad4SigLU,6.0,pb GeV^-4,3.9,+0.6/-1.4,3.4,Hall A,e-,5.7572,p,0.93827208816
413,413,0.398,-0.279,2.074,82.5,deg,deltad4SigLU,10.6,pb GeV^-4,3.7,+0.2/-1.8,3.4,Hall A,e-,5.7572,p,0.93827208816
414,414,0.398,-0.279,2.074,97.5,deg,deltad4SigLU,4.2,pb GeV^-4,3.5,+0.2/-1.8,3.4,Hall A,e-,5.7572,p,0.93827208816
415,415,0.398,-0.279,2.074,112.5,deg,deltad4SigLU,7.2,pb GeV^-4,3.3,+1.0/-1.1,3.4,Hall A,e-,5.7572,p,0.93827208816
416,416,0.398,-0.279,2.074,127.5,deg,deltad4SigLU,7.3,pb GeV^-4,2.8,+3.5/-0.0,3.4,Hall A,e-,5.7572,p,0.93827208816
417,417,0.398,-0.279,2.074,142.5,deg,deltad4SigLU,4.8,pb GeV^-4,2.8,+2.9/-0.0,3.4,Hall A,e-,5.7572,p,0.93827208816
418,418,0.398,-0.279,2.074,157.5,deg,deltad4SigLU,5.6,pb GeV^-4,2.9,+2.1/-0.8,3.4,Hall A,e-,5.7572,p,0.93827208816
419,419,0.398,-0.279,2.074,172.5,deg,deltad4SigLU,0.6,pb GeV^-4,2.8,+1.5/-0.1,3.4,Hall A,e-,5.7572,p,0.93827208816
420,420,0.398,-0.279,2.074,187.5,deg,deltad4SigLU,1.4,pb GeV^-4,2.7,+0.4/-1.1,3.4,Hall A,e-,5.7572,p,0.93827208816
421,421,0.398,-0.279,2.074,202.5,deg,deltad4SigLU,1.7,pb GeV^-4,2.6,+0.0/-1.4,3.4,Hall A,e-,5.7572,p,0.93827208816
422,422,0.398,-0.279,2.074,217.5,deg,deltad4SigLU,-5.0,pb GeV^-4,3.1,+1.9/-0.0,3.4,Hall A,e-,5.7572,p,0.93827208816
423,423,0.398,-0.279,2.074,232.5,deg,deltad4SigLU,-4.3,pb GeV^-4,2.8,+0.3/-1.0,3.4,Hall A,e-,5.7572,p,0.93827208816
424,424,0.398,-0.279,2.074,247.5,deg,deltad4SigLU,-6.8,pb GeV^-4,3.2,+0.4/-0.2,3.4,Hall A,e-,5.7572,p,0.93827208816
425,425,0.398,-0.279,2.074,262.5,deg,deltad4SigLU,-8.4,pb GeV^-4,3.5,+1.9/-0.4,3.4,Hall A,e-,5.7572,p,0.93827208816
426,426,0.398,-0.279,2.074,277.5,deg,deltad4SigLU,-9.4,pb GeV^-4,3.7,+2.4/-0.6,3.4,Hall A,e-,5.7572,p,0.93827208816
427,427,0.398,-0.279,2.074,292.5,deg,deltad4SigLU,-7.3,pb GeV^-4,3.5,+1.5/-0.3,3.4,Hall A,e-,5.7572,p,0.93827208816
428,428,0.398,-0.279,2.074,307.5,deg,deltad4SigLU,-6.2,pb GeV^-4,4.0,+0.5/-1.8,3.4,Hall A,e-,5.7572,p,0.93827208816
429,429,0.398,-0.279,2.074,322.5,deg,deltad4SigLU,-10.4,pb GeV^-4,4.3,+1.0/-1.1,3.4,Hall A,e-,5.7572,p,0.93827208816
430,430,0.398,-0.279,2.074,337.5,deg,deltad4SigLU,-14.9,pb GeV^-4,5.0,+0.0/-4.6,3.4,Hall A,e-,5.7572,p,0.93827208816
431,431,0.398,-0.279,2.074,352.5,deg,deltad4SigLU,1.0,pb GeV^-4,5.6,+4.9/-0.7,3.4,Hall A,e-,5.7572,p,0.93827208816
432,432,0.4,-0.324,2.084,7.5,deg,deltad4SigLU,3.8,pb GeV^-4,7.7,+6.9/-0.0,3.4,Hall A,e-,5.7572,p,0.93827208816
433,433,0.4,-0.324,2.084,22.5,deg,deltad4SigLU,-1.2,pb GeV^-4,6.8,+0.0/-3.5,3.4,Hall A,e-,5.7572,p,0.93827208816
434,434,0.4,-0.324,2.084,37.5,deg,deltad4SigLU,5.5,pb GeV^-4,5.2,+2.0/-3.0,3.4,Hall A,e-,5.7572,p,0.93827208816
435,435,0.4,-0.324,2.084,52.5,deg,deltad4SigLU,12.3,pb GeV^-4,4.8,+1.9/-1.2,3.4,Hall A,e-,5.7572,p,0.93827208816
436,436,0.4,-0.324,2.084,67.5,deg,deltad4SigLU,8.4,pb GeV^-4,4.2,+0.4/-2.0,3.4,Hall A,e-,5.7572,p,0.93827208816
437,437,0.4,-0.324,2.084,82.5,deg,deltad4SigLU,3.5,pb GeV^-4,3.7,+0.0/-1.4,3.4,Hall A,e-,5.7572,p,0.93827208816
438,438,0.4,-0.324,2.084,97.5,deg,deltad4SigLU,7.2,pb GeV^-4,3.7,+1.8/-0.0,3.4,Hall A,e-,5.7572,p,0.93827208816
439,439,0.4,-0.324,2.084,112.5,deg,deltad4SigLU,-1.1,pb GeV^-4,3.1,+2.4/-0.0,3.4,Hall A,e-,5.7572,p,0.93827208816
440,440,0.4,-0.324,2.084,127.5,deg,deltad4SigLU,11.1,pb GeV^-4,3.2,+0.0/-4.8,3.4,Hall A,e-,5.7572,p,0.93827208816
441,441,0.4,-0.324,2.084,142.5,deg,deltad4SigLU,3.3,pb GeV^-4,3.0,+1.8/-0.0,3.4,Hall A,e-,5.7572,p,0.93827208816
442,442,0.4,-0.324,2.084,157.5,deg,deltad4SigLU,5.3,pb GeV^-4,3.3,+0.1/-1.5,3.4,Hall A,e-,5.7572,p,0.93827208816
443,443,0.4,-0.324,2.084,172.5,deg,deltad4SigLU,-0.7,pb GeV^-4,3.2,+1.5/-0.3,3.4,Hall A,e-,5.7572,p,0.93827208816
444,444,0.4,-0.324,2.084,187.5,deg,deltad4SigLU,-0.5,pb GeV^-4,3.2,+2.2/-0.7,3.4,Hall A,e-,5.7572,p,0.93827208816
445,445,0.4,-0.324,2.084,202.5,deg,deltad4SigLU,1.0,pb GeV^-4,3.4,+1.8/-0.0,3.4,Hall A,e-,5.7572,p,0.93827208816
446,446,0.4,-0.324,2.084,217.5,deg,deltad4SigLU,-1.2,pb GeV^-4,3.2,+0.0/-1.6,3.4,Hall A,e-,5.7572,p,0.93827208816
447,447,0.4,-0.324,2.084,232.5,deg,deltad4SigLU,0.3,pb GeV^-4,3.2,+3.2/-0.7,3.4,Hall A,e-,5.7572,p,0.93827208816
448,448,0.4,-0.324,2.084,247.5,deg,deltad4SigLU,-6.6,pb GeV^-4,3.7,+1.6/-1.2,3.4,Hall A,e-,5.7572,p,0.93827208816
449,449,0.4,-0.324,2.084,262.5,deg,deltad4SigLU,-7.9,pb GeV^-4,3.6,+1.3/-1.1,3.4,Hall A,e-,5.7572,p,0.93827208816
450,450,0.4,-0.324,2.084,277.5,deg,deltad4SigLU,4.4,pb GeV^-4,3.8,+3.4/-0.0,3.4,Hall A,e-,5.7572,p,0.93827208816
451,451,0.4,-0.324,2.084,292.5,deg,deltad4SigLU,-4.5,pb GeV^-4,3.9,+0.6/-0.7,3.4,Hall A,e-,5.7572,p,0.93827208816
452,452,0.4,-0.324,2.084,307.5,deg,deltad4SigLU,-4.1,pb GeV^-4,4.8,+4.7/-0.2,3.4,Hall A,e-,5.7572,p,0.93827208816
453,453,0.4,-0.324,2.084,322.5,deg,deltad4SigLU,-14.6,pb GeV^-4,5.3,+0.0/-3.9,3.4,Hall A,e-,5.7572,p,0.93827208816
454,454,0.4,-0.324,2.084,337.5,deg,deltad4SigLU,-0.2,pb GeV^-4,6.5,+0.0/-4.5,3.4,Hall A,e-,5.7572,p,0.93827208816
455,455,0.4,-0.324,2.084,352.5,deg,deltad4SigLU,-1.7,pb GeV^-4,7.3,+2.0/-5.9,3.4,Hall A,e-,5.7572,p,0.93827208816
456,456,0.401,-0.371,2.091,7.5,deg,deltad4SigLU,-9.0,pb GeV^-4,11.9,+1.1/-3.2,3.4,Hall A,e-,5.7572,p,0.93827208816
457,457,0.401,-0.371,2.091,22.5,deg,deltad4SigLU,0.9,pb GeV^-4,9.2,+2.7/-1.1,3.4,Hall A,e-,5.7572,p,0.93827208816
458,458,0.401,-0.371,2.091,37.5,deg,deltad4SigLU,0.4,pb GeV^-4,6.2,+1.4/-0.0,3.4,Hall A,e-,5.7572,p,0.93827208816
459,459,0.401,-0.371,2.091,52.5,deg,deltad4SigLU,8.3,pb GeV^-4,5.3,+2.0/-0.4,3.4,Hall A,e-,5.7572,p,0.93827208816
460,460,0.401,-0.371,2.091,67.5,deg,deltad4SigLU,5.9,pb GeV^-4,4.5,+0.6/-1.0,3.4,Hall A,e-,5.7572,p,0.93827208816
461,461,0.401,-0.371,2.091,82.5,deg,deltad4SigLU,7.9,pb GeV^-4,3.8,+0.0/-1.7,3.4,Hall A,e-,5.7572,p,0.93827208816
462,462,0.401,-0.371,2.091,97.5,deg,deltad4SigLU,3.3,pb GeV^-4,4.0,+0.9/-0.2,3.4,Hall A,e-,5.7572,p,0.93827208816
463,463,0.401,-0.371,2.091,112.5,deg,deltad4SigLU,6.5,pb GeV^-4,3.9,+1.8/-0.5,3.4,Hall A,e-,5.7572,p,0.93827208816
464,464,0.401,-0.371,2.091,127.5,deg,deltad4SigLU,-1.5,pb GeV^-4,3.6,+2.9/-0.0,3.4,Hall A,e-,5.7572,p,0.93827208816
465,465,0.401,-0.371,2.091,142.5,deg,deltad4SigLU,6.1,pb GeV^-4,3.8,+0.0/-3.8,3.4,Hall A,e-,5.7572,p,0.93827208816
466,466,0.401,-0.371,2.091,157.5,deg,deltad4SigLU,-2.7,pb GeV^-4,4.2,+0.6/-0.6,3.4,Hall A,e-,5.7572,p,0.93827208816
467,467,0.401,-0.371,2.091,172.5,deg,deltad4SigLU,-8.4,pb GeV^-4,4.5,+0.1/-2.0,3.4,Hall A,e-,5.7572,p,0.93827208816
468,468,0.401,-0.371,2.091,187.5,deg,deltad4SigLU,2.9,pb GeV^-4,4.7,+4.7/-0.0,3.4,Hall A,e-,5.7572,p,0.93827208816
469,469,0.401,-0.371,2.091,202.5,deg,deltad4SigLU,3.8,pb GeV^-4,4.1,+0.0/-1.4,3.4,Hall A,e-,5.7572,p,0.93827208816
470,470,0.401,-0.371,2.091,217.5,deg,deltad4SigLU,0.8,pb GeV^-4,3.9,+2.6/-0.0,3.4,Hall A,e-,5.7572,p,0.93827208816
471,471,0.401,-0.371,2.091,232.5,deg,deltad4SigLU,-6.6,pb GeV^-4,3.2,+0.5/-0.2,3.4,Hall A,e-,5.7572,p,0.93827208816
472,472,0.401,-0.371,2.091,247.5,deg,deltad4SigLU,-3.0,pb GeV^-4,3.7,+0.0/-3.2,3.4,Hall A,e-,5.7572,p,0.93827208816
473,473,0.401,-0.371,2.091,262.5,deg,deltad4SigLU,-0.1,pb GeV^-4,3.7,+3.5/-0.4,3.4,Hall A,e-,5.7572,p,0.93827208816
474,474,0.401,-0.371,2.091,277.5,deg,deltad4SigLU,-3.2,pb GeV^-4,3.9,+0.4/-1.0,3.4,Hall A,e-,5.7572,p,0.93827208816
475,475,0.401,-0.371,2.091,292.5,deg,deltad4SigLU,-7.4,pb GeV^-4,4.4,+2.4/-0.6,3.4,Hall A,e-,5.7572,p,0.93827208816
476,476,0.401,-0.371,2.091,307.5,deg,deltad4SigLU,-7.2,pb GeV^-4,4.9,+0.8/-1.7,3.4,Hall A,e-,5.7572,p,0.93827208816
477,477,0.401,-0.371,2.091,322.5,deg,deltad4SigLU,-5.8,pb GeV^-4,6.2,+1.0/-2.7,3.4,Hall A,e-,5.7572,p,0.93827208816
478,478,0.401,-0.371,2.091,337.5,deg,deltad4SigLU,-1.0,pb GeV^-4,8.4,+1.2/-10.7,3.4,Hall A,e-,5.7572,p,0.93827208816
479,479,0.401,-0.371,2.091,352.5,deg,deltad4SigLU,-3.8,pb GeV^-4,12.5,+9.3/-0.0,3.4,Hall A,e-,5.7572,p,0.93827208816
480,480,0.336,-0.171,2.161,7.5,deg,deltad4SigLU,7.3,pb GeV^-4,6.5,+0.0/-8.0,3.4,Hall A,e-,5.7572,p,0.93827208816
481,481,0.336,-0.171,2.161,22.5,deg,deltad4SigLU,1.7,pb GeV^-4,6.7,+2.8/-1.8,3.4,Hall A,e-,5.7572,p,0.93827208816
482,482,0.336,-0.171,2.161,37.5,deg,deltad4SigLU,7.6,pb GeV^-4,6.1,+2.8/-0.4,3.4,Hall A,e-,5.7572,p,0.93827208816
483,483,0.336,-0.171,2.161,52.5,deg,deltad4SigLU,22.5,pb GeV^-4,5.6,+9.3/-0.0,3.4,Hall A,e-,5.7572,p,0.93827208816
484,484,0.336,-0.171,2.161,67.5,deg,deltad4SigLU,25.8,pb GeV^-4,5.3,+5.7/-0.0,3.4,Hall A,e-,5.7572,p,0.93827208816
485,485,0.336,-0.171,2.161,82.5,deg,deltad4SigLU,14.9,pb GeV^-4,5.1,+3.2/-0.4,3.4,Hall A,e-,5.7572,p,0.93827208816
486,486,0.336,-0.171,2.161,97.5,deg,deltad4SigLU,14.2,pb GeV^-4,4.5,+3.3/-0.0,3.4,Hall A,e-,5.7572,p,0.93827208816
487,487,0.336,-0.171,2.161,112.5,deg,deltad4SigLU,23.3,pb GeV^-4,4.2,+0.0/-2.6,3.4,Hall A,e-,5.7572,p,0.93827208816
488,488,0.336,-0.171,2.161,127.5,deg,deltad4SigLU,11.3,pb GeV^-4,4.2,+0.8/-3.8,3.4,Hall A,e-,5.7572,p,0.93827208816
489,489,0.336,-0.171,2.161,142.5,deg,deltad4SigLU,7.0,pb GeV^-4,3.9,+1.2/-0.2,3.4,Hall A,e-,5.7572,p,0.93827208816
490,490,0.336,-0.171,2.161,157.5,deg,deltad4SigLU,-3.1,pb GeV^-4,3.7,+1.2/-0.0,3.4,Hall A,e-,5.7572,p,0.93827208816
491,491,0.336,-0.171,2.161,172.5,deg,deltad4SigLU,4.5,pb GeV^-4,3.7,+4.0/-0.3,3.4,Hall A,e-,5.7572,p,0.93827208816
492,492,0.336,-0.171,2.161,187.5,deg,deltad4SigLU,-1.7,pb GeV^-4,3.5,+0.1/-2.5,3.4,Hall A,e-,5.7572,p,0.93827208816
493,493,0.336,-0.171,2.161,202.5,deg,deltad4SigLU,-2.1,pb GeV^-4,3.6,+1.8/-1.3,3.4,Hall A,e-,5.7572,p,0.93827208816
494,494,0.336,-0.171,2.161,217.5,deg,deltad4SigLU,-9.2,pb GeV^-4,3.9,+0.6/-0.7,3.4,Hall A,e-,5.7572,p,0.93827208816
495,495,0.336,-0.171,2.161,232.5,deg,deltad4SigLU,-13.5,pb GeV^-4,4.1,+2.6/-0.0,3.4,Hall A,e-,5.7572,p,0.93827208816
496,496,0.336,-0.171,2.161,247.5,deg,deltad4SigLU,-6.8,pb GeV^-4,4.1,+2.4/-0.0,3.4,Hall A,e-,5.7572,p,0.93827208816
497,497,0.336,-0.171,2.161,262.5,deg,deltad4SigLU,-22.7,pb GeV^-4,4.5,+2.2/-0.8,3.4,Hall A,e-,5.7572,p,0.93827208816
498,498,0.336,-0.171,2.161,277.5,deg,deltad4SigLU,-19.9,pb GeV^-4,4.8,+0.4/-1.4,3.4,Hall A,e-,5.7572,p,0.93827208816
499,499,0.336,-0.171,2.161,292.5,deg,deltad4SigLU,-17.6,pb GeV^-4,5.4,+2.3/-0.5,3.4,Hall A,e-,5.7572,p,0.93827208816
500,500,0.336,-0.171,2.161,307.5,deg,deltad4SigLU,-23.2,pb GeV^-4,5.5,+0.0/-4.8,3.4,Hall A,e-,5.7572,p,0.93827208816
501,501,0.336,-0.171,2.161,322.5,deg,deltad4SigLU,-19.2,pb GeV^-4,5.9,+3.5/-0.0,3.4,Hall A,e-,5.7572,p,0.93827208816
502,502,0.336,-0.171,2.161,337.5,deg,deltad4SigLU,-4.7,pb GeV^-4,6.2,+0.4/-0.9,3.4,Hall A,e-,5.7572,p,0.93827208816
503,503,0.336,-0.171,2.161,352.5,deg,deltad4SigLU,-4.1,pb GeV^-4,6.5,+1.8/-3.4,3.4,Hall A,e-,5.7572,p,0.93827208816
504,504,0.342,-0.231,2.19,7.5,deg,deltad4SigLU,14.4,pb GeV^-4,10.1,+0.3/-6.4,3.4,Hall A,e-,5.7572,p,0.93827208816
505,505,0.342,-0.231,2.19,22.5,deg,deltad4SigLU,32.4,pb GeV^-4,8.9,+0.3/-3.2,3.4,Hall A,e-,5.7572,p,0.93827208816
506,506,0.342,-0.231,2.19,37.5,deg,deltad4SigLU,16.2,pb GeV^-4,7.9,+8.5/-0.0,3.4,Hall A,e-,5.7572,p,0.93827208816
507,507,0.342,-0.231,2.19,52.5,deg,deltad4SigLU,17.7,pb GeV^-4,6.4,+3.3/-2.7,3.4,Hall A,e-,5.7572,p,0.93827208816
508,508,0.342,-0.231,2.19,67.5,deg,deltad4SigLU,20.2,pb GeV^-4,5.8,+2.9/-1.6,3.4,Hall A,e-,5.7572,p,0.93827208816
509,509,0.342,-0.231,2.19,82.5,deg,deltad4SigLU,8.7,pb GeV^-4,5.0,+0.7/-3.4,3.4,Hall A,e-,5.7572,p,0.93827208816
510,510,0.342,-0.231,2.19,97.5,deg,deltad4SigLU,21.1,pb GeV^-4,4.8,+0.4/-0.8,3.4,Hall A,e-,5.7572,p,0.93827208816
511,511,0.342,-0.231,2.19,112.5,deg,deltad4SigLU,18.6,pb GeV^-4,4.0,+1.4/-0.6,3.4,Hall A,e-,5.7572,p,0.93827208816
512,512,0.342,-0.231,2.19,127.5,deg,deltad4SigLU,11.5,pb GeV^-4,3.6,+0.1/-4.6,3.4,Hall A,e-,5.7572,p,0.93827208816
513,513,0.342,-0.231,2.19,142.5,deg,deltad4SigLU,10.7,pb GeV^-4,3.5,+1.6/-0.7,3.4,Hall A,e-,5.7572,p,0.93827208816
514,514,0.342,-0.231,2.19,157.5,deg,deltad4SigLU,6.4,pb GeV^-4,3.5,+0.2/-0.9,3.4,Hall A,e-,5.7572,p,0.93827208816
515,515,0.342,-0.231,2.19,172.5,deg,deltad4SigLU,1.4,pb GeV^-4,3.4,+3.6/-0.0,3.4,Hall A,e-,5.7572,p,0.93827208816
516,516,0.342,-0.231,2.19,187.5,deg,deltad4SigLU,-1.2,pb GeV^-4,3.4,+2.2/-0.5,3.4,Hall A,e-,5.7572,p,0.93827208816
517,517,0.342,-0.231,2.19,202.5,deg,deltad4SigLU,1.4,pb GeV^-4,3.6,+0.5/-1.1,3.4,Hall A,e-,5.7572,p,0.93827208816
518,518,0.342,-0.231,2.19,217.5,deg,deltad4SigLU,-9.5,pb GeV^-4,3.7,+0.0/-2.2,3.4,Hall A,e-,5.7572,p,0.93827208816
519,519,0.342,-0.231,2.19,232.5,deg,deltad4SigLU,-3.8,pb GeV^-4,3.8,+0.0/-2.1,3.4,Hall A,e-,5.7572,p,0.93827208816
520,520,0.342,-0.231,2.19,247.5,deg,deltad4SigLU,-8.4,pb GeV^-4,4.0,+0.0/-1.8,3.4,Hall A,e-,5.7572,p,0.93827208816
521,521,0.342,-0.231,2.19,262.5,deg,deltad4SigLU,-11.2,pb GeV^-4,4.5,+0.9/-0.7,3.4,Hall A,e-,5.7572,p,0.93827208816
522,522,0.342,-0.231,2.19,277.5,deg,deltad4SigLU,-22.1,pb GeV^-4,4.8,+2.2/-0.8,3.4,Hall A,e-,5.7572,p,0.93827208816
523,523,0.342,-0.231,2.19,292.5,deg,deltad4SigLU,-21.5,pb GeV^-4,5.4,+0.8/-1.6,3.4,Hall A,e-,5.7572,p,0.93827208816
524,524,0.342,-0.231,2.19,307.5,deg,deltad4SigLU,-27.4,pb GeV^-4,6.3,+7.9/-0.0,3.4,Hall A,e-,5.7572,p,0.93827208816
525,525,0.342,-0.231,2.19,322.5,deg,deltad4SigLU,-17.0,pb GeV^-4,7.2,+0.0/-2.9,3.4,Hall A,e-,5.7572,p,0.93827208816
526,526,0.342,-0.231,2.19,337.5,deg,deltad4SigLU,5.9,pb GeV^-4,8.3,+0.0/-5.4,3.4,Hall A,e-,5.7572,p,0.93827208816
527,527,0.342,-0.231,2.19,352.5,deg,deltad4SigLU,6.6,pb GeV^-4,9.4,+2.5/-2.0,3.4,Hall A,e-,5.7572,p,0.93827208816
528,528,0.343,-0.278,2.194,37.5,deg,deltad4SigLU,16.8,pb GeV^-4,8.7,+0.0/-7.4,3.4,Hall A,e-,5.7572,p,0.93827208816
529,529,0.343,-0.278,2.194,52.5,deg,deltad4SigLU,11.7,pb GeV^-4,7.4,+6.6/-1.6,3.4,Hall A,e-,5.7572,p,0.93827208816
530,530,0.343,-0.278,2.194,67.5,deg,deltad4SigLU,12.5,pb GeV^-4,6.5,+0.0/-4.6,3.4,Hall A,e-,5.7572,p,0.93827208816
531,531,0.343,-0.278,2.194,82.5,deg,deltad4SigLU,17.9,pb GeV^-4,5.4,+0.9/-0.9,3.4,Hall A,e-,5.7572,p,0.93827208816
532,532,0.343,-0.278,2.194,97.5,deg,deltad4SigLU,13.5,pb GeV^-4,4.6,+2.4/-0.0,3.4,Hall A,e-,5.7572,p,0.93827208816
533,533,0.343,-0.278,2.194,112.5,deg,deltad4SigLU,11.3,pb GeV^-4,4.2,+0.2/-2.0,3.4,Hall A,e-,5.7572,p,0.93827208816
534,534,0.343,-0.278,2.194,127.5,deg,deltad4SigLU,2.3,pb GeV^-4,3.3,+1.2/-0.8,3.4,Hall A,e-,5.7572,p,0.93827208816
535,535,0.343,-0.278,2.194,142.5,deg,deltad4SigLU,5.7,pb GeV^-4,3.4,+1.7/-0.0,3.4,Hall A,e-,5.7572,p,0.93827208816
536,536,0.343,-0.278,2.194,157.5,deg,deltad4SigLU,4.1,pb GeV^-4,3.5,+0.2/-3.0,3.4,Hall A,e-,5.7572,p,0.93827208816
537,537,0.343,-0.278,2.194,172.5,deg,deltad4SigLU,0.8,pb GeV^-4,3.6,+0.5/-0.9,3.4,Hall A,e-,5.7572,p,0.93827208816
538,538,0.343,-0.278,2.194,187.5,deg,deltad4SigLU,2.5,pb GeV^-4,3.6,+0.3/-1.9,3.4,Hall A,e-,5.7572,p,0.93827208816
539,539,0.343,-0.278,2.194,202.5,deg,deltad4SigLU,-3.3,pb GeV^-4,3.3,+0.9/-0.1,3.4,Hall A,e-,5.7572,p,0.93827208816
540,540,0.343,-0.278,2.194,217.5,deg,deltad4SigLU,-6.3,pb GeV^-4,3.6,+1.4/-0.0,3.4,Hall A,e-,5.7572,p,0.93827208816
541,541,0.343,-0.278,2.194,232.5,deg,deltad4SigLU,-3.4,pb GeV^-4,3.7,+0.6/-0.5,3.4,Hall A,e-,5.7572,p,0.93827208816
542,542,0.343,-0.278,2.194,247.5,deg,deltad4SigLU,-3.6,pb GeV^-4,3.8,+0.2/-0.9,3.4,Hall A,e-,5.7572,p,0.93827208816
543,543,0.343,-0.278,2.194,262.5,deg,deltad4SigLU,-19.1,pb GeV^-4,4.3,+0.0/-5.1,3.4,Hall A,e-,5.7572,p,0.93827208816
544,544,0.343,-0.278,2.194,277.5,deg,deltad4SigLU,-14.7,pb GeV^-4,5.0,+5.1/-0.0,3.4,Hall A,e-,5.7572,p,0.93827208816
545,545,0.343,-0.278,2.194,292.5,deg,deltad4SigLU,-16.1,pb GeV^-4,5.5,+0.5/-2.7,3.4,Hall A,e-,5.7572,p,0.93827208816
546,546,0.343,-0.278,2.194,307.5,deg,deltad4SigLU,-3.2,pb GeV^-4,6.9,+1.1/-3.4,3.4,Hall A,e-,5.7572,p,0.93827208816
547,547,0.343,-0.278,2.194,322.5,deg,deltad4SigLU,-2.6,pb GeV^-4,8.1,+3.4/-0.0,3.4,Hall A,e-,5.7572,p,0.93827208816
548,548,0.342,-0.324,2.191,37.5,deg,deltad4SigLU,5.3,pb GeV^-4,11.9,+2.6/-3.5,3.4,Hall A,e-,5.7572,p,0.93827208816
549,549,0.342,-0.324,2.191,52.5,deg,deltad4SigLU,16.5,pb GeV^-4,9.0,+0.0/-4.3,3.4,Hall A,e-,5.7572,p,0.93827208816
550,550,0.342,-0.324,2.191,67.5,deg,deltad4SigLU,17.9,pb GeV^-4,8.0,+0.0/-5.4,3.4,Hall A,e-,5.7572,p,0.93827208816
551,551,0.342,-0.324,2.191,82.5,deg,deltad4SigLU,13.0,pb GeV^-4,5.5,+4.5/-0.7,3.4,Hall A,e-,5.7572,p,0.93827208816
552,552,0.342,-0.324,2.191,97.5,deg,deltad4SigLU,12.5,pb GeV^-4,4.9,+5.0/-0.2,3.4,Hall A,e-,5.7572,p,0.93827208816
553,553,0.342,-0.324,2.191,112.5,deg,deltad4SigLU,1.5,pb GeV^-4,4.2,+3.8/-0.0,3.4,Hall A,e-,5.7572,p,0.93827208816
554,554,0.342,-0.324,2.191,127.5,deg,deltad4SigLU,9.5,pb GeV^-4,3.9,+0.1/-0.7,3.4,Hall A,e-,5.7572,p,0.93827208816
555,555,0.342,-0.324,2.191,142.5,deg,deltad4SigLU,7.8,pb GeV^-4,3.7,+0.0/-1.1,3.4,Hall A,e-,5.7572,p,0.93827208816
556,556,0.342,-0.324,2.191,157.5,deg,deltad4SigLU,7.2,pb GeV^-4,3.6,+0.0/-1.0,3.4,Hall A,e-,5.7572,p,0.93827208816
557,557,0.342,-0.324,2.191,172.5,deg,deltad4SigLU,0.8,pb GeV^-4,3.4,+0.4/-1.9,3.4,Hall A,e-,5.7572,p,0.93827208816
558,558,0.342,-0.324,2.191,187.5,deg,deltad4SigLU,-0.2,pb GeV^-4,3.4,+0.0/-1.0,3.4,Hall A,e-,5.7572,p,0.93827208816
559,559,0.342,-0.324,2.191,202.5,deg,deltad4SigLU,-9.4,pb GeV^-4,3.8,+2.5/-0.0,3.4,Hall A,e-,5.7572,p,0.93827208816
560,560,0.342,-0.324,2.191,217.5,deg,deltad4SigLU,-7.3,pb GeV^-4,3.4,+1.2/-0.0,3.4,Hall A,e-,5.7572,p,0.93827208816
561,561,0.342,-0.324,2.191,232.5,deg,deltad4SigLU,-3.9,pb GeV^-4,3.8,+0.9/-0.8,3.4,Hall A,e-,5.7572,p,0.93827208816
562,562,0.342,-0.324,2.191,247.5,deg,deltad4SigLU,-0.6,pb GeV^-4,3.8,+1.8/-0.0,3.4,Hall A,e-,5.7572,p,0.93827208816
563,563,0.342,-0.324,2.191,262.5,deg,deltad4SigLU,-3.0,pb GeV^-4,4.8,+0.7/-2.0,3.4,Hall A,e-,5.7572,p,0.93827208816
564,564,0.342,-0.324,2.191,277.5,deg,deltad4SigLU,-19.4,pb GeV^-4,5.6,+0.0/-3.1,3.4,Hall A,e-,5.7572,p,0.93827208816
565,565,0.342,-0.324,2.191,292.5,deg,deltad4SigLU,-20.0,pb GeV^-4,7.1,+1.5/-2.7,3.4,Hall A,e-,5.7572,p,0.93827208816
566,566,0.342,-0.324,2.191,307.5,deg,deltad4SigLU,-21.8,pb GeV^-4,7.8,+2.2/-1.8,3.4,Hall A,e-,5.7572,p,0.93827208816
567,567,0.342,-0.324,2.191,322.5,deg,deltad4SigLU,-26.5,pb GeV^-4,12.3,+13.9/-0.0,3.4,Hall A,e-,5.7572,p,0.93827208816
568,568,0.342,-0.371,2.193,37.5,deg,deltad4SigLU,-23.9,pb GeV^-4,23.3,+5.6/-11.7,3.4,Hall A,e-,5.7572,p,0.93827208816
569,569,0.342,-0.371,2.193,52.5,deg,deltad4SigLU,7.7,pb GeV^-4,12.1,+10.5/-0.0,3.4,Hall A,e-,5.7572,p,0.93827208816
570,570,0.342,-0.371,2.193,67.5,deg,deltad4SigLU,5.9,pb GeV^-4,8.6,+0.2/-4.5,3.4,Hall A,e-,5.7572,p,0.93827208816
571,571,0.342,-0.371,2.193,82.5,deg,deltad4SigLU,0.2,pb GeV^-4,6.1,+3.9/-1.3,3.4,Hall A,e-,5.7572,p,0.93827208816
572,572,0.342,-0.371,2.193,97.5,deg,deltad4SigLU,12.7,pb GeV^-4,5.3,+0.9/-3.4,3.4,Hall A,e-,5.7572,p,0.93827208816
573,573,0.342,-0.371,2.193,112.5,deg,deltad4SigLU,-3.2,pb GeV^-4,4.3,+1.0/-1.0,3.4,Hall A,e-,5.7572,p,0.93827208816
574,574,0.342,-0.371,2.193,127.5,deg,deltad4SigLU,5.1,pb GeV^-4,3.6,+0.1/-2.0,3.4,Hall A,e-,5.7572,p,0.93827208816
575,575,0.342,-0.371,2.193,142.5,deg,deltad4SigLU,4.5,pb GeV^-4,3.5,+0.6/-1.9,3.4,Hall A,e-,5.7572,p,0.93827208816
576,576,0.342,-0.371,2.193,157.5,deg,deltad4SigLU,3.8,pb GeV^-4,3.7,+0.5/-0.4,3.4,Hall A,e-,5.7572,p,0.93827208816
577,577,0.342,-0.371,2.193,172.5,deg,deltad4SigLU,-0.2,pb GeV^-4,3.9,+3.4/-0.0,3.4,Hall A,e-,5.7572,p,0.93827208816
578,578,0.342,-0.371,2.193,187.5,deg,deltad4SigLU,8.5,pb GeV^-4,3.6,+1.3/-0.3,3.4,Hall A,e-,5.7572,p,0.93827208816
579,579,0.342,-0.371,2.193,202.5,deg,deltad4SigLU,0.5,pb GeV^-4,3.8,+0.0/-3.6,3.4,Hall A,e-,5.7572,p,0.93827208816
580,580,0.342,-0.371,2.193,217.5,deg,deltad4SigLU,-4.1,pb GeV^-4,3.4,+2.6/-0.2,3.4,Hall A,e-,5.7572,p,0.93827208816
581,581,0.342,-0.371,2.193,232.5,deg,deltad4SigLU,-7.9,pb GeV^-4,3.8,+1.3/-0.2,3.4,Hall A,e-,5.7572,p,0.93827208816
582,582,0.342,-0.371,2.193,247.5,deg,deltad4SigLU,-4.9,pb GeV^-4,4.2,+2.1/-0.5,3.4,Hall A,e-,5.7572,p,0.93827208816
583,583,0.342,-0.371,2.193,262.5,deg,deltad4SigLU,-0.9,pb GeV^-4,4.4,+2.0/-0.1,3.4,Hall A,e-,5.7572,p,0.93827208816
584,584,0.342,-0.371,2.193,277.5,deg,deltad4SigLU,-4.8,pb GeV^-4,5.7,+0.0/-2.5,3.4,Hall A,e-,5.7572,p,0.93827208816
585,585,0.342,-0.371,2.193,292.5,deg,deltad4SigLU,-15.4,pb GeV^-4,7.7,+0.0/-3.8,3.4,Hall A,e-,5.7572,p,0.93827208816
586,586,0.342,-0.371,2.193,307.5,deg,deltad4SigLU,-9.7,pb GeV^-4,10.6,+2.2/-1.5,3.4,Hall A,e-,5.7572,p,0.93827208816
587,587,0.342,-0.371,2.193,322.5,deg,deltad4SigLU,-19.9,pb GeV^-4,17.6,+0.0/-25.8,3.4,Hall A,e-,5.7572,p,0.93827208816
